fixture,sample,compile_ns,query_ns,rows,domain_pairs,unifications,semantic_sha256
STACK_TOTAL natives-values 0 12
STACK_INCLUSIVE natives-values 0 org.kanger.Linker$3.run 6
STACK_INCLUSIVE natives-values 0 org.kanger.Linker$4.run 7
STACK_INCLUSIVE natives-values 0 org.kanger.Linker.access$2 1
STACK_INCLUSIVE natives-values 0 org.kanger.Linker.access$3 5
STACK_INCLUSIVE natives-values 0 org.kanger.Linker.access$4 2
STACK_INCLUSIVE natives-values 0 org.kanger.Linker.access$5 7
STACK_INCLUSIVE natives-values 0 org.kanger.Linker.buildDomainIndex 1
STACK_INCLUSIVE natives-values 0 org.kanger.Linker.checkSystem 1
STACK_INCLUSIVE natives-values 0 org.kanger.Linker.getSolveCandidates 1
STACK_INCLUSIVE natives-values 0 org.kanger.Linker.isValidFor 2
STACK_INCLUSIVE natives-values 0 org.kanger.Linker.link 11
STACK_INCLUSIVE natives-values 0 org.kanger.Linker.linkDatabase 5
STACK_INCLUSIVE natives-values 0 org.kanger.Linker.linkDomains 1
STACK_INCLUSIVE natives-values 0 org.kanger.Linker.rotateVariables 10
STACK_INCLUSIVE natives-values 0 org.kanger.Linker.rotator 11
STACK_INCLUSIVE natives-values 0 org.kanger.Linker.synchronizeSolveIndex 1
STACK_INCLUSIVE natives-values 0 org.kanger.Mind.<init> 1
STACK_INCLUSIVE natives-values 0 org.kanger.Mind.init 1
STACK_INCLUSIVE natives-values 0 org.kanger.Mind.link 11
STACK_INCLUSIVE natives-values 0 org.kanger.Mind.query 12
STACK_INCLUSIVE natives-values 0 org.kanger.Mind.queryCheckFalse 4
STACK_INCLUSIVE natives-values 0 org.kanger.Mind.queryCheckTrue 8
STACK_INCLUSIVE natives-values 0 org.kanger.TValueBaselineBenchmarkRunner.bench 12
STACK_INCLUSIVE natives-values 0 org.kanger.TValueBaselineBenchmarkRunner.main 12
STACK_INCLUSIVE natives-values 0 org.kanger.TValueBaselineBenchmarkRunner.run 12
STACK_INCLUSIVE natives-values 0 org.kanger.TechnicalMindTransaction.<init> 1
STACK_INCLUSIVE natives-values 0 org.kanger.TechnicalMindTransaction.begin 1
STACK_INCLUSIVE natives-values 0 org.kanger.calculator.Calculator.<init> 1
STACK_INCLUSIVE natives-values 0 org.kanger.calculator.Functions$1$46.<init> 1
STACK_INCLUSIVE natives-values 0 org.kanger.calculator.Functions$1.<init> 1
STACK_INCLUSIVE natives-values 0 org.kanger.calculator.Functions.<init> 1
STACK_INCLUSIVE natives-values 0 org.kanger.factory.TValueFactory.collectIds 2
STACK_INCLUSIVE natives-values 0 org.kanger.factory.TValueFactory.forEach 9
STACK_INCLUSIVE natives-values 0 org.kanger.primitives.Argument.isEmpty 2
STACK_INCLUSIVE natives-values 0 org.kanger.primitives.ArgumentsList.equalsBase 1
STACK_INCLUSIVE natives-values 0 org.kanger.primitives.TVariableSet.hashCode 1
STACK_INCLUSIVE natives-values 0 org.kanger.units.Domain.isComplete 2
STACK_INCLUSIVE natives-values 0 org.kanger.units.Domain.isExcluded 2
STACK_INCLUSIVE natives-values 0 org.kanger.units.Domain.isSystem 1
STACK_INCLUSIVE natives-values 0 org.kanger.units.Domain.setUsed 1
STACK_INCLUSIVE natives-values 0 org.kanger.units.Predicate.getName 1
STACK_INCLUSIVE natives-values 0 org.kanger.units.Predicate.isSystem 1
STACK_LEAF natives-values 0 java.lang.StringBuilder.<init> 1
STACK_LEAF natives-values 0 java.util.AbstractCollection.addAll 1
STACK_LEAF natives-values 0 java.util.HashMap$HashIterator.nextNode 1
STACK_LEAF natives-values 0 java.util.HashMap.hash 1
STACK_LEAF natives-values 0 java.util.HashMap.putVal 1
STACK_LEAF natives-values 0 java.util.LinkedHashSet.<init> 1
STACK_LEAF natives-values 0 org.kanger.Linker.getSolveCandidates 1
STACK_LEAF natives-values 0 org.kanger.calculator.Functions$1$46.<init> 1
STACK_LEAF natives-values 0 org.kanger.primitives.Argument.isEmpty 2
STACK_LEAF natives-values 0 org.kanger.primitives.ArgumentsList.equalsBase 1
STACK_LEAF natives-values 0 org.kanger.primitives.TVariableSet.hashCode 1
natives-values,0,99699358,119059292,1,14282,3251,1e32a669397194dffa52431a1d005bf88c0f8e9ef36b6d66cf4bd75abf9f6c3b
STACK_TOTAL natives-values 1 10
STACK_INCLUSIVE natives-values 1 org.kanger.Linker$3.run 5
STACK_INCLUSIVE natives-values 1 org.kanger.Linker$4.run 4
STACK_INCLUSIVE natives-values 1 org.kanger.Linker.access$2 3
STACK_INCLUSIVE natives-values 1 org.kanger.Linker.access$3 2
STACK_INCLUSIVE natives-values 1 org.kanger.Linker.access$4 2
STACK_INCLUSIVE natives-values 1 org.kanger.Linker.access$5 3
STACK_INCLUSIVE natives-values 1 org.kanger.Linker.isValidFor 2
STACK_INCLUSIVE natives-values 1 org.kanger.Linker.link 8
STACK_INCLUSIVE natives-values 1 org.kanger.Linker.linkDatabase 2
STACK_INCLUSIVE natives-values 1 org.kanger.Linker.linkDomains 3
STACK_INCLUSIVE natives-values 1 org.kanger.Linker.rotateVariables 7
STACK_INCLUSIVE natives-values 1 org.kanger.Linker.rotator 8
STACK_INCLUSIVE natives-values 1 org.kanger.Linker.synchronizeSolveIndex 2
STACK_INCLUSIVE natives-values 1 org.kanger.Linker.updateDatabase 1
STACK_INCLUSIVE natives-values 1 org.kanger.Mind.<init> 1
STACK_INCLUSIVE natives-values 1 org.kanger.Mind.commit 1
STACK_INCLUSIVE natives-values 1 org.kanger.Mind.compileLine 2
STACK_INCLUSIVE natives-values 1 org.kanger.Mind.init 1
STACK_INCLUSIVE natives-values 1 org.kanger.Mind.link 8
STACK_INCLUSIVE natives-values 1 org.kanger.Mind.query 10
STACK_INCLUSIVE natives-values 1 org.kanger.Mind.queryCheckFalse 3
STACK_INCLUSIVE natives-values 1 org.kanger.Mind.queryCheckTrue 7
STACK_INCLUSIVE natives-values 1 org.kanger.TValueBaselineBenchmarkRunner.bench 10
STACK_INCLUSIVE natives-values 1 org.kanger.TValueBaselineBenchmarkRunner.main 10
STACK_INCLUSIVE natives-values 1 org.kanger.TValueBaselineBenchmarkRunner.run 10
STACK_INCLUSIVE natives-values 1 org.kanger.TechnicalMindTransaction.<init> 1
STACK_INCLUSIVE natives-values 1 org.kanger.TechnicalMindTransaction.begin 1
STACK_INCLUSIVE natives-values 1 org.kanger.TechnicalMindTransaction.commit 1
STACK_INCLUSIVE natives-values 1 org.kanger.calculator.Calculator.<init> 1
STACK_INCLUSIVE natives-values 1 org.kanger.calculator.Predicates$1$4.<init> 1
STACK_INCLUSIVE natives-values 1 org.kanger.calculator.Predicates$1.<init> 1
STACK_INCLUSIVE natives-values 1 org.kanger.calculator.Predicates.<init> 1
STACK_INCLUSIVE natives-values 1 org.kanger.factory.DomainFactory.commit 1
STACK_INCLUSIVE natives-values 1 org.kanger.factory.TValueFactory.find 1
STACK_INCLUSIVE natives-values 1 org.kanger.factory.TValueFactory.forEach 4
STACK_INCLUSIVE natives-values 1 org.kanger.primitives.ArgumentsList.equalsBase 1
STACK_INCLUSIVE natives-values 1 org.kanger.primitives.TVariableSet.hashCode 2
STACK_INCLUSIVE natives-values 1 org.kanger.storage.Escalera.find 1
STACK_INCLUSIVE natives-values 1 org.kanger.units.Domain.isExcluded 1
STACK_INCLUSIVE natives-values 1 org.kanger.units.Predicate.getName 1
STACK_INCLUSIVE natives-values 1 org.kanger.units.Predicate.toString 1
STACK_LEAF natives-values 1 java.lang.String.valueOf 1
STACK_LEAF natives-values 1 java.util.ArrayList.clear 1
STACK_LEAF natives-values 1 org.kanger.Linker.linkDomains 2
STACK_LEAF natives-values 1 org.kanger.calculator.Predicates$1$4.<init> 1
STACK_LEAF natives-values 1 org.kanger.factory.DomainFactory.commit 1
STACK_LEAF natives-values 1 org.kanger.primitives.ArgumentsList.equalsBase 1
STACK_LEAF natives-values 1 org.kanger.primitives.TVariableSet.hashCode 2
STACK_LEAF natives-values 1 org.kanger.storage.Escalera.find 1
natives-values,1,111916453,103181915,1,14282,3251,1e32a669397194dffa52431a1d005bf88c0f8e9ef36b6d66cf4bd75abf9f6c3b
STACK_TOTAL natives-values 2 9
STACK_INCLUSIVE natives-values 2 org.kanger.Linker$3.run 6
STACK_INCLUSIVE natives-values 2 org.kanger.Linker$4.run 6
STACK_INCLUSIVE natives-values 2 org.kanger.Linker.access$2 2
STACK_INCLUSIVE natives-values 2 org.kanger.Linker.access$3 4
STACK_INCLUSIVE natives-values 2 org.kanger.Linker.access$4 1
STACK_INCLUSIVE natives-values 2 org.kanger.Linker.access$5 6
STACK_INCLUSIVE natives-values 2 org.kanger.Linker.checkSystem 2
STACK_INCLUSIVE natives-values 2 org.kanger.Linker.isValidFor 1
STACK_INCLUSIVE natives-values 2 org.kanger.Linker.link 8
STACK_INCLUSIVE natives-values 2 org.kanger.Linker.linkDatabase 4
STACK_INCLUSIVE natives-values 2 org.kanger.Linker.linkDomains 2
STACK_INCLUSIVE natives-values 2 org.kanger.Linker.markExcluded 1
STACK_INCLUSIVE natives-values 2 org.kanger.Linker.rotateVariables 7
STACK_INCLUSIVE natives-values 2 org.kanger.Linker.rotator 8
STACK_INCLUSIVE natives-values 2 org.kanger.Linker.synchronizeSolveIndex 1
STACK_INCLUSIVE natives-values 2 org.kanger.Linker.updateDatabase 1
STACK_INCLUSIVE natives-values 2 org.kanger.Mind.compileLine 1
STACK_INCLUSIVE natives-values 2 org.kanger.Mind.link 8
STACK_INCLUSIVE natives-values 2 org.kanger.Mind.query 9
STACK_INCLUSIVE natives-values 2 org.kanger.Mind.queryCheckFalse 3
STACK_INCLUSIVE natives-values 2 org.kanger.Mind.queryCheckTrue 6
STACK_INCLUSIVE natives-values 2 org.kanger.TValueBaselineBenchmarkRunner.bench 9
STACK_INCLUSIVE natives-values 2 org.kanger.TValueBaselineBenchmarkRunner.main 9
STACK_INCLUSIVE natives-values 2 org.kanger.TValueBaselineBenchmarkRunner.run 9
STACK_INCLUSIVE natives-values 2 org.kanger.compiler.Compiller.compileLine 1
STACK_INCLUSIVE natives-values 2 org.kanger.enums.Tools.parseDate 2
STACK_INCLUSIVE natives-values 2 org.kanger.factory.DictionaryFactory.add 2
STACK_INCLUSIVE natives-values 2 org.kanger.factory.DictionaryFactory.find 2
STACK_INCLUSIVE natives-values 2 org.kanger.factory.RuleFactory.add 1
STACK_INCLUSIVE natives-values 2 org.kanger.factory.TValueFactory.forEach 6
STACK_INCLUSIVE natives-values 2 org.kanger.primitives.ArgumentsList.equalsBase 2
STACK_INCLUSIVE natives-values 2 org.kanger.primitives.TVariableSet.hashCode 1
STACK_INCLUSIVE natives-values 2 org.kanger.units.CachedDomain.setCauses 1
STACK_INCLUSIVE natives-values 2 org.kanger.units.Domain.createStored 1
STACK_INCLUSIVE natives-values 2 org.kanger.units.Domain.getOverlaps 1
STACK_INCLUSIVE natives-values 2 org.kanger.units.Domain.isExcluded 1
STACK_INCLUSIVE natives-values 2 org.kanger.units.Domain.isUsed 1
STACK_INCLUSIVE natives-values 2 org.kanger.units.Domain.setCauses 1
STACK_INCLUSIVE natives-values 2 org.kanger.units.Domain.setUsed 1
STACK_INCLUSIVE natives-values 2 org.kanger.units.Term.<init> 2
STACK_INCLUSIVE natives-values 2 org.kanger.units.Term.construct 2
STACK_LEAF natives-values 2 java.lang.Throwable.fillInStackTrace 1
STACK_LEAF natives-values 2 java.util.Arrays.copyOf 1
STACK_LEAF natives-values 2 java.util.HashMap.hash 1
STACK_LEAF natives-values 2 org.kanger.Linker.checkSystem 2
STACK_LEAF natives-values 2 org.kanger.primitives.ArgumentsList.equalsBase 2
STACK_LEAF natives-values 2 org.kanger.primitives.TVariableSet.hashCode 1
STACK_LEAF natives-values 2 org.kanger.units.Domain.getOverlaps 1
natives-values,2,80889708,91817674,1,14282,3251,1e32a669397194dffa52431a1d005bf88c0f8e9ef36b6d66cf4bd75abf9f6c3b
STACK_TOTAL natives-values 3 12
STACK_INCLUSIVE natives-values 3 org.kanger.GeneratedCVarMaterializer.alphaEquivalent 1
STACK_INCLUSIVE natives-values 3 org.kanger.GeneratedCVarMaterializer.findAlphaEquivalent 1
STACK_INCLUSIVE natives-values 3 org.kanger.Linker$3.run 7
STACK_INCLUSIVE natives-values 3 org.kanger.Linker$4.run 5
STACK_INCLUSIVE natives-values 3 org.kanger.Linker.access$2 2
STACK_INCLUSIVE natives-values 3 org.kanger.Linker.access$3 5
STACK_INCLUSIVE natives-values 3 org.kanger.Linker.access$4 1
STACK_INCLUSIVE natives-values 3 org.kanger.Linker.access$5 5
STACK_INCLUSIVE natives-values 3 org.kanger.Linker.isValidFor 1
STACK_INCLUSIVE natives-values 3 org.kanger.Linker.link 10
STACK_INCLUSIVE natives-values 3 org.kanger.Linker.linkDatabase 5
STACK_INCLUSIVE natives-values 3 org.kanger.Linker.linkDomains 2
STACK_INCLUSIVE natives-values 3 org.kanger.Linker.rotateVariables 8
STACK_INCLUSIVE natives-values 3 org.kanger.Linker.rotator 10
STACK_INCLUSIVE natives-values 3 org.kanger.Linker.synchronizeSolveIndex 1
STACK_INCLUSIVE natives-values 3 org.kanger.Linker.updateDatabase 2
STACK_INCLUSIVE natives-values 3 org.kanger.Mind.<init> 1
STACK_INCLUSIVE natives-values 3 org.kanger.Mind.isUnitDeleted 1
STACK_INCLUSIVE natives-values 3 org.kanger.Mind.link 10
STACK_INCLUSIVE natives-values 3 org.kanger.Mind.query 12
STACK_INCLUSIVE natives-values 3 org.kanger.Mind.queryCheckFalse 4
STACK_INCLUSIVE natives-values 3 org.kanger.Mind.queryCheckTrue 8
STACK_INCLUSIVE natives-values 3 org.kanger.TValueBaselineBenchmarkRunner.bench 12
STACK_INCLUSIVE natives-values 3 org.kanger.TValueBaselineBenchmarkRunner.main 12
STACK_INCLUSIVE natives-values 3 org.kanger.TValueBaselineBenchmarkRunner.run 12
STACK_INCLUSIVE natives-values 3 org.kanger.TechnicalMindTransaction.<init> 1
STACK_INCLUSIVE natives-values 3 org.kanger.TechnicalMindTransaction.begin 1
STACK_INCLUSIVE natives-values 3 org.kanger.factory.DomainFactory.transaction 1
STACK_INCLUSIVE natives-values 3 org.kanger.factory.FValueFactory.release 1
STACK_INCLUSIVE natives-values 3 org.kanger.factory.RuleFactory.add 1
STACK_INCLUSIVE natives-values 3 org.kanger.factory.RuleFactory.find 2
STACK_INCLUSIVE natives-values 3 org.kanger.factory.TValueFactory.find 1
STACK_INCLUSIVE natives-values 3 org.kanger.factory.TValueFactory.forEach 5
STACK_INCLUSIVE natives-values 3 org.kanger.primitives.ArgumentsList.applyStamp 1
STACK_INCLUSIVE natives-values 3 org.kanger.primitives.ArgumentsList.equalsBase 1
STACK_INCLUSIVE natives-values 3 org.kanger.primitives.TVariableSet.hashCode 1
STACK_INCLUSIVE natives-values 3 org.kanger.storage.Escalera.find 1
STACK_INCLUSIVE natives-values 3 org.kanger.stores.HypothesisStore.add 1
STACK_INCLUSIVE natives-values 3 org.kanger.stores.HypothesisStore.commit 1
STACK_INCLUSIVE natives-values 3 org.kanger.stores.HypothesisStore.equalsBase 1
STACK_INCLUSIVE natives-values 3 org.kanger.stores.HypothesisStore.find 1
STACK_INCLUSIVE natives-values 3 org.kanger.units.Domain.createStored 1
STACK_INCLUSIVE natives-values 3 org.kanger.units.Domain.isExcluded 2
STACK_INCLUSIVE natives-values 3 org.kanger.units.Domain.isStored 3
STACK_INCLUSIVE natives-values 3 org.kanger.units.Rule.equalsTo 1
STACK_INCLUSIVE natives-values 3 org.kanger.units.Rule.isDeleted 1
STACK_INCLUSIVE natives-values 3 org.kanger.units.TVariable.find 1
STACK_LEAF natives-values 3 java.util.HashMap$HashIterator.nextNode 3
STACK_LEAF natives-values 3 java.util.concurrent.CopyOnWriteArrayList.addAllAbsent 1
STACK_LEAF natives-values 3 org.kanger.GeneratedCVarMaterializer.alphaEquivalent 1
STACK_LEAF natives-values 3 org.kanger.Linker.linkDomains 1
STACK_LEAF natives-values 3 org.kanger.Mind.isUnitDeleted 1
STACK_LEAF natives-values 3 org.kanger.factory.FValueFactory.release 1
STACK_LEAF natives-values 3 org.kanger.primitives.ArgumentsList.equalsBase 1
STACK_LEAF natives-values 3 org.kanger.primitives.TVariableSet.hashCode 1
STACK_LEAF natives-values 3 org.kanger.stores.HypothesisStore.equalsBase 1
STACK_LEAF natives-values 3 org.kanger.units.Rule.equalsTo 1
natives-values,3,73808251,119708864,1,14282,3251,1e32a669397194dffa52431a1d005bf88c0f8e9ef36b6d66cf4bd75abf9f6c3b
STACK_TOTAL natives-values 4 8
STACK_INCLUSIVE natives-values 4 org.kanger.Analyzer.analyze 1
STACK_INCLUSIVE natives-values 4 org.kanger.Analyzer.candidatesFor 1
STACK_INCLUSIVE natives-values 4 org.kanger.Analyzer.checkDatabase 1
STACK_INCLUSIVE natives-values 4 org.kanger.Analyzer.checkRight 1
STACK_INCLUSIVE natives-values 4 org.kanger.Linker$3.run 2
STACK_INCLUSIVE natives-values 4 org.kanger.Linker$4.run 4
STACK_INCLUSIVE natives-values 4 org.kanger.Linker.<init> 1
STACK_INCLUSIVE natives-values 4 org.kanger.Linker.access$2 1
STACK_INCLUSIVE natives-values 4 org.kanger.Linker.access$3 1
STACK_INCLUSIVE natives-values 4 org.kanger.Linker.access$4 3
STACK_INCLUSIVE natives-values 4 org.kanger.Linker.access$5 4
STACK_INCLUSIVE natives-values 4 org.kanger.Linker.isValidFor 3
STACK_INCLUSIVE natives-values 4 org.kanger.Linker.link 6
STACK_INCLUSIVE natives-values 4 org.kanger.Linker.linkDatabase 1
STACK_INCLUSIVE natives-values 4 org.kanger.Linker.linkDomains 1
STACK_INCLUSIVE natives-values 4 org.kanger.Linker.rotateVariables 5
STACK_INCLUSIVE natives-values 4 org.kanger.Linker.rotator 6
STACK_INCLUSIVE natives-values 4 org.kanger.Linker.synchronizeSolveIndex 1
STACK_INCLUSIVE natives-values 4 org.kanger.Mind.<init> 1
STACK_INCLUSIVE natives-values 4 org.kanger.Mind.analyze 1
STACK_INCLUSIVE natives-values 4 org.kanger.Mind.init 1
STACK_INCLUSIVE natives-values 4 org.kanger.Mind.link 6
STACK_INCLUSIVE natives-values 4 org.kanger.Mind.query 8
STACK_INCLUSIVE natives-values 4 org.kanger.Mind.queryCheckFalse 3
STACK_INCLUSIVE natives-values 4 org.kanger.Mind.queryCheckTrue 5
STACK_INCLUSIVE natives-values 4 org.kanger.TValueBaselineBenchmarkRunner.bench 8
STACK_INCLUSIVE natives-values 4 org.kanger.TValueBaselineBenchmarkRunner.main 8
STACK_INCLUSIVE natives-values 4 org.kanger.TValueBaselineBenchmarkRunner.run 8
STACK_INCLUSIVE natives-values 4 org.kanger.TechnicalMindTransaction.<init> 1
STACK_INCLUSIVE natives-values 4 org.kanger.TechnicalMindTransaction.begin 1
STACK_INCLUSIVE natives-values 4 org.kanger.factory.RuleFactory.findByDomain 1
STACK_INCLUSIVE natives-values 4 org.kanger.factory.RuleFactory.get 1
STACK_INCLUSIVE natives-values 4 org.kanger.factory.RuleFactory.getRaw 1
STACK_INCLUSIVE natives-values 4 org.kanger.factory.TValueFactory.forEach 4
STACK_INCLUSIVE natives-values 4 org.kanger.primitives.Argument.isEmpty 2
STACK_INCLUSIVE natives-values 4 org.kanger.primitives.ArgumentsList.equalsBase 1
STACK_INCLUSIVE natives-values 4 org.kanger.primitives.TVariableSet.contains 2
STACK_INCLUSIVE natives-values 4 org.kanger.storage.Escalera.get 1
STACK_INCLUSIVE natives-values 4 org.kanger.storage.Step.getData 1
STACK_INCLUSIVE natives-values 4 org.kanger.units.Domain.isComplete 1
STACK_INCLUSIVE natives-values 4 org.kanger.units.Domain.isUsed 1
STACK_INCLUSIVE natives-values 4 org.kanger.units.Domain.setUsed 1
STACK_INCLUSIVE natives-values 4 org.kanger.units.Rule.isUsed 1
STACK_INCLUSIVE natives-values 4 org.kanger.units.Rule.setMind 1
STACK_INCLUSIVE natives-values 4 org.kanger.units.TVariable.compareTo 2
STACK_LEAF natives-values 4 java.util.HashMap.getNode 1
STACK_LEAF natives-values 4 java.util.IdentityHashMap.init 1
STACK_LEAF natives-values 4 org.kanger.primitives.Argument.isEmpty 2
STACK_LEAF natives-values 4 org.kanger.units.Rule.isUsed 1
STACK_LEAF natives-values 4 org.kanger.units.Rule.setMind 1
STACK_LEAF natives-values 4 org.kanger.units.TVariable.compareTo 2
natives-values,4,72777488,84281237,1,14282,3251,1e32a669397194dffa52431a1d005bf88c0f8e9ef36b6d66cf4bd75abf9f6c3b
STACK_TOTAL natives-values 5 8
STACK_INCLUSIVE natives-values 5 org.kanger.Linker$3.run 3
STACK_INCLUSIVE natives-values 5 org.kanger.Linker$4.run 7
STACK_INCLUSIVE natives-values 5 org.kanger.Linker.access$3 3
STACK_INCLUSIVE natives-values 5 org.kanger.Linker.access$4 4
STACK_INCLUSIVE natives-values 5 org.kanger.Linker.access$5 6
STACK_INCLUSIVE natives-values 5 org.kanger.Linker.isValidFor 4
STACK_INCLUSIVE natives-values 5 org.kanger.Linker.link 7
STACK_INCLUSIVE natives-values 5 org.kanger.Linker.linkDatabase 3
STACK_INCLUSIVE natives-values 5 org.kanger.Linker.rotateVariables 7
STACK_INCLUSIVE natives-values 5 org.kanger.Linker.rotator 7
STACK_INCLUSIVE natives-values 5 org.kanger.Linker.synchronizeSolveIndex 2
STACK_INCLUSIVE natives-values 5 org.kanger.Mind.<init> 1
STACK_INCLUSIVE natives-values 5 org.kanger.Mind.init 1
STACK_INCLUSIVE natives-values 5 org.kanger.Mind.link 7
STACK_INCLUSIVE natives-values 5 org.kanger.Mind.query 8
STACK_INCLUSIVE natives-values 5 org.kanger.Mind.queryCheckFalse 3
STACK_INCLUSIVE natives-values 5 org.kanger.Mind.queryCheckTrue 5
STACK_INCLUSIVE natives-values 5 org.kanger.TValueBaselineBenchmarkRunner.bench 8
STACK_INCLUSIVE natives-values 5 org.kanger.TValueBaselineBenchmarkRunner.main 8
STACK_INCLUSIVE natives-values 5 org.kanger.TValueBaselineBenchmarkRunner.run 8
STACK_INCLUSIVE natives-values 5 org.kanger.TechnicalMindTransaction.<init> 1
STACK_INCLUSIVE natives-values 5 org.kanger.TechnicalMindTransaction.begin 1
STACK_INCLUSIVE natives-values 5 org.kanger.calculator.Calculator.<init> 1
STACK_INCLUSIVE natives-values 5 org.kanger.calculator.Functions$1$57.<init> 1
STACK_INCLUSIVE natives-values 5 org.kanger.calculator.Functions$1.<init> 1
STACK_INCLUSIVE natives-values 5 org.kanger.calculator.Functions.<init> 1
STACK_INCLUSIVE natives-values 5 org.kanger.factory.RuleFactory.effectiveView 1
STACK_INCLUSIVE natives-values 5 org.kanger.factory.RuleFactory.find 2
STACK_INCLUSIVE natives-values 5 org.kanger.factory.RuleFactory.get 2
STACK_INCLUSIVE natives-values 5 org.kanger.factory.RuleFactory.getRaw 1
STACK_INCLUSIVE natives-values 5 org.kanger.factory.RuleFactory.isPromoted 1
STACK_INCLUSIVE natives-values 5 org.kanger.factory.TValueFactory.forEach 7
STACK_INCLUSIVE natives-values 5 org.kanger.primitives.TVariableSet.hashCode 2
STACK_INCLUSIVE natives-values 5 org.kanger.storage.Escalera.get 1
STACK_INCLUSIVE natives-values 5 org.kanger.storage.Step.getData 1
STACK_INCLUSIVE natives-values 5 org.kanger.units.Domain.isStored 2
STACK_INCLUSIVE natives-values 5 org.kanger.units.Rule.setMind 1
STACK_LEAF natives-values 5 org.kanger.Linker.isValidFor 2
STACK_LEAF natives-values 5 org.kanger.Linker.linkDatabase 1
STACK_LEAF natives-values 5 org.kanger.calculator.Functions$1$57.<init> 1
STACK_LEAF natives-values 5 org.kanger.factory.RuleFactory.isPromoted 1
STACK_LEAF natives-values 5 org.kanger.primitives.TVariableSet.hashCode 2
STACK_LEAF natives-values 5 org.kanger.units.Rule.setMind 1
natives-values,5,67736135,76668716,1,14282,3251,1e32a669397194dffa52431a1d005bf88c0f8e9ef36b6d66cf4bd75abf9f6c3b
STACK_TOTAL natives-values 6 8
STACK_INCLUSIVE natives-values 6 org.kanger.Analyzer.analyze 1
STACK_INCLUSIVE natives-values 6 org.kanger.Analyzer.candidatesFor 1
STACK_INCLUSIVE natives-values 6 org.kanger.Analyzer.checkDatabase 1
STACK_INCLUSIVE natives-values 6 org.kanger.Analyzer.checkRight 1
STACK_INCLUSIVE natives-values 6 org.kanger.Linker$3.run 3
STACK_INCLUSIVE natives-values 6 org.kanger.Linker$4.run 5
STACK_INCLUSIVE natives-values 6 org.kanger.Linker.<init> 1
STACK_INCLUSIVE natives-values 6 org.kanger.Linker.access$2 1
STACK_INCLUSIVE natives-values 6 org.kanger.Linker.access$3 2
STACK_INCLUSIVE natives-values 6 org.kanger.Linker.access$4 3
STACK_INCLUSIVE natives-values 6 org.kanger.Linker.access$5 5
STACK_INCLUSIVE natives-values 6 org.kanger.Linker.isValidFor 3
STACK_INCLUSIVE natives-values 6 org.kanger.Linker.link 6
STACK_INCLUSIVE natives-values 6 org.kanger.Linker.linkDatabase 2
STACK_INCLUSIVE natives-values 6 org.kanger.Linker.linkDomains 1
STACK_INCLUSIVE natives-values 6 org.kanger.Linker.markExcluded 1
STACK_INCLUSIVE natives-values 6 org.kanger.Linker.rotateVariables 6
STACK_INCLUSIVE natives-values 6 org.kanger.Linker.rotator 6
STACK_INCLUSIVE natives-values 6 org.kanger.Linker.synchronizeSolveIndex 3
STACK_INCLUSIVE natives-values 6 org.kanger.Mind.<init> 1
STACK_INCLUSIVE natives-values 6 org.kanger.Mind.analyze 1
STACK_INCLUSIVE natives-values 6 org.kanger.Mind.init 1
STACK_INCLUSIVE natives-values 6 org.kanger.Mind.isUnitDeleted 1
STACK_INCLUSIVE natives-values 6 org.kanger.Mind.link 6
STACK_INCLUSIVE natives-values 6 org.kanger.Mind.query 8
STACK_INCLUSIVE natives-values 6 org.kanger.Mind.queryCheckFalse 3
STACK_INCLUSIVE natives-values 6 org.kanger.Mind.queryCheckTrue 5
STACK_INCLUSIVE natives-values 6 org.kanger.TValueBaselineBenchmarkRunner.bench 8
STACK_INCLUSIVE natives-values 6 org.kanger.TValueBaselineBenchmarkRunner.main 8
STACK_INCLUSIVE natives-values 6 org.kanger.TValueBaselineBenchmarkRunner.run 8
STACK_INCLUSIVE natives-values 6 org.kanger.TechnicalMindTransaction.<init> 1
STACK_INCLUSIVE natives-values 6 org.kanger.TechnicalMindTransaction.begin 1
STACK_INCLUSIVE natives-values 6 org.kanger.factory.RuleFactory.collectDomainIds 1
STACK_INCLUSIVE natives-values 6 org.kanger.factory.RuleFactory.findByDomain 1
STACK_INCLUSIVE natives-values 6 org.kanger.factory.TValueFactory.forEach 5
STACK_INCLUSIVE natives-values 6 org.kanger.primitives.Argument.isEmpty 1
STACK_INCLUSIVE natives-values 6 org.kanger.primitives.ArgumentsList.equalsBase 2
STACK_INCLUSIVE natives-values 6 org.kanger.primitives.TVariableSet.hashCode 3
STACK_INCLUSIVE natives-values 6 org.kanger.units.Domain.isExcluded 2
STACK_INCLUSIVE natives-values 6 org.kanger.units.Domain.isStored 1
STACK_INCLUSIVE natives-values 6 org.kanger.units.Domain.setExcluded 1
STACK_INCLUSIVE natives-values 6 org.kanger.units.Rule.isDeleted 1
STACK_LEAF natives-values 6 java.util.AbstractCollection.addAll 1
STACK_LEAF natives-values 6 java.util.Collections$SetFromMap.<init> 1
STACK_LEAF natives-values 6 java.util.TreeMap.getFirstEntry 1
STACK_LEAF natives-values 6 org.kanger.Mind.isUnitDeleted 1
STACK_LEAF natives-values 6 org.kanger.primitives.Argument.isEmpty 1
STACK_LEAF natives-values 6 org.kanger.primitives.ArgumentsList.equalsBase 1
STACK_LEAF natives-values 6 org.kanger.primitives.TVariableSet.hashCode 2
natives-values,6,68417105,76771859,1,14282,3251,1e32a669397194dffa52431a1d005bf88c0f8e9ef36b6d66cf4bd75abf9f6c3b
STACK_TOTAL natives-values 7 8
STACK_INCLUSIVE natives-values 7 org.kanger.Linker$3.run 3
STACK_INCLUSIVE natives-values 7 org.kanger.Linker$4.run 3
STACK_INCLUSIVE natives-values 7 org.kanger.Linker.access$1 3
STACK_INCLUSIVE natives-values 7 org.kanger.Linker.access$4 3
STACK_INCLUSIVE natives-values 7 org.kanger.Linker.access$5 3
STACK_INCLUSIVE natives-values 7 org.kanger.Linker.isValidFor 3
STACK_INCLUSIVE natives-values 7 org.kanger.Linker.link 7
STACK_INCLUSIVE natives-values 7 org.kanger.Linker.rotateVariables 6
STACK_INCLUSIVE natives-values 7 org.kanger.Linker.rotator 6
STACK_INCLUSIVE natives-values 7 org.kanger.Linker.selectDomainCandidates 3
STACK_INCLUSIVE natives-values 7 org.kanger.Linker.synchronizeSolveIndex 1
STACK_INCLUSIVE natives-values 7 org.kanger.Mind.compileLine 1
STACK_INCLUSIVE natives-values 7 org.kanger.Mind.isUnitDeleted 2
STACK_INCLUSIVE natives-values 7 org.kanger.Mind.link 7
STACK_INCLUSIVE natives-values 7 org.kanger.Mind.query 8
STACK_INCLUSIVE natives-values 7 org.kanger.Mind.queryCheckFalse 2
STACK_INCLUSIVE natives-values 7 org.kanger.Mind.queryCheckTrue 6
STACK_INCLUSIVE natives-values 7 org.kanger.QueryReplayContext.observeCompilation 1
STACK_INCLUSIVE natives-values 7 org.kanger.QueryReplayContext.publish 1
STACK_INCLUSIVE natives-values 7 org.kanger.TValueBaselineBenchmarkRunner.bench 8
STACK_INCLUSIVE natives-values 7 org.kanger.TValueBaselineBenchmarkRunner.main 8
STACK_INCLUSIVE natives-values 7 org.kanger.TValueBaselineBenchmarkRunner.run 8
STACK_INCLUSIVE natives-values 7 org.kanger.compiler.Compiller.compileLine 1
STACK_INCLUSIVE natives-values 7 org.kanger.factory.RuleCandidateIndex.collectResolvedLocal 1
STACK_INCLUSIVE natives-values 7 org.kanger.factory.RuleFactory$1.next 1
STACK_INCLUSIVE natives-values 7 org.kanger.factory.RuleFactory.collectResolvedCandidateIds 1
STACK_INCLUSIVE natives-values 7 org.kanger.factory.RuleFactory.findByResolvedDomain 3
STACK_INCLUSIVE natives-values 7 org.kanger.factory.RuleFactory.get 2
STACK_INCLUSIVE natives-values 7 org.kanger.factory.RuleFactory.getRaw 2
STACK_INCLUSIVE natives-values 7 org.kanger.factory.TValueFactory.forEach 3
STACK_INCLUSIVE natives-values 7 org.kanger.primitives.Argument.isDeleted 2
STACK_INCLUSIVE natives-values 7 org.kanger.primitives.ArgumentsList.getTVariables 2
STACK_INCLUSIVE natives-values 7 org.kanger.primitives.TVariableSet.contains 2
STACK_INCLUSIVE natives-values 7 org.kanger.storage.Escalera$WalkIterator.next 1
STACK_INCLUSIVE natives-values 7 org.kanger.storage.Escalera.get 2
STACK_INCLUSIVE natives-values 7 org.kanger.storage.Step.getData 3
STACK_INCLUSIVE natives-values 7 org.kanger.units.CachedDomain.setMind 2
STACK_INCLUSIVE natives-values 7 org.kanger.units.Domain.setMind 2
STACK_INCLUSIVE natives-values 7 org.kanger.units.Rule.setMind 3
STACK_INCLUSIVE natives-values 7 org.kanger.units.TVariable.compareTo 2
STACK_INCLUSIVE natives-values 7 org.kanger.units.TVariable.isDeleted 2
STACK_LEAF natives-values 7 java.util.HashMap.putVal 1
STACK_LEAF natives-values 7 org.kanger.Linker.synchronizeSolveIndex 1
STACK_LEAF natives-values 7 org.kanger.Mind.isUnitDeleted 2
STACK_LEAF natives-values 7 org.kanger.QueryReplayContext.publish 1
STACK_LEAF natives-values 7 org.kanger.units.Rule.setMind 1
STACK_LEAF natives-values 7 org.kanger.units.TVariable.compareTo 2
natives-values,7,60280042,74186971,1,14282,3251,1e32a669397194dffa52431a1d005bf88c0f8e9ef36b6d66cf4bd75abf9f6c3b
STACK_TOTAL natives-values 8 7
STACK_INCLUSIVE natives-values 8 org.kanger.Analyzer.analyze 1
STACK_INCLUSIVE natives-values 8 org.kanger.Analyzer.candidatesFor 1
STACK_INCLUSIVE natives-values 8 org.kanger.Analyzer.checkDatabase 1
STACK_INCLUSIVE natives-values 8 org.kanger.Analyzer.checkRight 1
STACK_INCLUSIVE natives-values 8 org.kanger.Linker$3.run 3
STACK_INCLUSIVE natives-values 8 org.kanger.Linker$4.run 1
STACK_INCLUSIVE natives-values 8 org.kanger.Linker.access$1 2
STACK_INCLUSIVE natives-values 8 org.kanger.Linker.access$3 1
STACK_INCLUSIVE natives-values 8 org.kanger.Linker.access$5 1
STACK_INCLUSIVE natives-values 8 org.kanger.Linker.addOppositeNatives 1
STACK_INCLUSIVE natives-values 8 org.kanger.Linker.link 5
STACK_INCLUSIVE natives-values 8 org.kanger.Linker.linkDatabase 1
STACK_INCLUSIVE natives-values 8 org.kanger.Linker.rotateVariables 3
STACK_INCLUSIVE natives-values 8 org.kanger.Linker.rotator 4
STACK_INCLUSIVE natives-values 8 org.kanger.Linker.selectDomainCandidates 2
STACK_INCLUSIVE natives-values 8 org.kanger.Mind.analyze 1
STACK_INCLUSIVE natives-values 8 org.kanger.Mind.compileLine 1
STACK_INCLUSIVE natives-values 8 org.kanger.Mind.isUnitDeleted 1
STACK_INCLUSIVE natives-values 8 org.kanger.Mind.link 5
STACK_INCLUSIVE natives-values 8 org.kanger.Mind.query 7
STACK_INCLUSIVE natives-values 8 org.kanger.Mind.queryCheckFalse 2
STACK_INCLUSIVE natives-values 8 org.kanger.Mind.queryCheckTrue 5
STACK_INCLUSIVE natives-values 8 org.kanger.TValueBaselineBenchmarkRunner.bench 7
STACK_INCLUSIVE natives-values 8 org.kanger.TValueBaselineBenchmarkRunner.main 7
STACK_INCLUSIVE natives-values 8 org.kanger.TValueBaselineBenchmarkRunner.run 7
STACK_INCLUSIVE natives-values 8 org.kanger.compiler.Compiller.compileLine 1
STACK_INCLUSIVE natives-values 8 org.kanger.enums.Tools.parseDate 1
STACK_INCLUSIVE natives-values 8 org.kanger.factory.DictionaryFactory.add 1
STACK_INCLUSIVE natives-values 8 org.kanger.factory.DictionaryFactory.find 1
STACK_INCLUSIVE natives-values 8 org.kanger.factory.RuleCandidateIndex$IdIndex.get 1
STACK_INCLUSIVE natives-values 8 org.kanger.factory.RuleCandidateIndex.collectResolvedLocal 1
STACK_INCLUSIVE natives-values 8 org.kanger.factory.RuleFactory.collectDomainIds 1
STACK_INCLUSIVE natives-values 8 org.kanger.factory.RuleFactory.collectResolvedCandidateIds 1
STACK_INCLUSIVE natives-values 8 org.kanger.factory.RuleFactory.findByDomain 2
STACK_INCLUSIVE natives-values 8 org.kanger.factory.RuleFactory.findByResolvedDomain 1
STACK_INCLUSIVE natives-values 8 org.kanger.factory.RuleFactory.get 1
STACK_INCLUSIVE natives-values 8 org.kanger.factory.RuleFactory.getRaw 1
STACK_INCLUSIVE natives-values 8 org.kanger.factory.TValueFactory.forEach 1
STACK_INCLUSIVE natives-values 8 org.kanger.primitives.Argument.getValue 1
STACK_INCLUSIVE natives-values 8 org.kanger.primitives.Argument.isDeleted 1
STACK_INCLUSIVE natives-values 8 org.kanger.primitives.ArgumentsList.equalsBase 1
STACK_INCLUSIVE natives-values 8 org.kanger.primitives.ArgumentsList.getTVariables 1
STACK_INCLUSIVE natives-values 8 org.kanger.storage.Escalera.get 1
STACK_INCLUSIVE natives-values 8 org.kanger.storage.Step.getData 1
STACK_INCLUSIVE natives-values 8 org.kanger.units.CachedDomain.setMind 1
STACK_INCLUSIVE natives-values 8 org.kanger.units.Domain.isExcluded 1
STACK_INCLUSIVE natives-values 8 org.kanger.units.Domain.setMind 1
STACK_INCLUSIVE natives-values 8 org.kanger.units.Rule.setMind 1
STACK_INCLUSIVE natives-values 8 org.kanger.units.TVariable.activeMind 1
STACK_INCLUSIVE natives-values 8 org.kanger.units.TVariable.getValue 1
STACK_INCLUSIVE natives-values 8 org.kanger.units.TVariable.isDeleted 1
STACK_INCLUSIVE natives-values 8 org.kanger.units.Term.<init> 1
STACK_INCLUSIVE natives-values 8 org.kanger.units.Term.construct 1
STACK_LEAF natives-values 8 java.lang.ThreadLocal$ThreadLocalMap.getEntryAfterMiss 1
STACK_LEAF natives-values 8 java.lang.Throwable.fillInStackTrace 1
STACK_LEAF natives-values 8 java.util.AbstractCollection.addAll 1
STACK_LEAF natives-values 8 java.util.HashMap.getNode 1
STACK_LEAF natives-values 8 java.util.HashMap.hash 1
STACK_LEAF natives-values 8 org.kanger.Linker.rotator 1
STACK_LEAF natives-values 8 org.kanger.Mind.isUnitDeleted 1
natives-values,8,61294595,75069708,1,14282,3251,1e32a669397194dffa52431a1d005bf88c0f8e9ef36b6d66cf4bd75abf9f6c3b
STACK_TOTAL natives-values 9 11
STACK_INCLUSIVE natives-values 9 org.kanger.Linker$3.run 5
STACK_INCLUSIVE natives-values 9 org.kanger.Linker$4.run 7
STACK_INCLUSIVE natives-values 9 org.kanger.Linker.access$1 2
STACK_INCLUSIVE natives-values 9 org.kanger.Linker.access$3 3
STACK_INCLUSIVE natives-values 9 org.kanger.Linker.access$4 4
STACK_INCLUSIVE natives-values 9 org.kanger.Linker.access$5 7
STACK_INCLUSIVE natives-values 9 org.kanger.Linker.checkSystem 1
STACK_INCLUSIVE natives-values 9 org.kanger.Linker.isValidFor 4
STACK_INCLUSIVE natives-values 9 org.kanger.Linker.link 10
STACK_INCLUSIVE natives-values 9 org.kanger.Linker.linkDatabase 3
STACK_INCLUSIVE natives-values 9 org.kanger.Linker.rotateVariables 9
STACK_INCLUSIVE natives-values 9 org.kanger.Linker.rotator 10
STACK_INCLUSIVE natives-values 9 org.kanger.Linker.selectDomainCandidates 2
STACK_INCLUSIVE natives-values 9 org.kanger.Linker.synchronizeSolveIndex 3
STACK_INCLUSIVE natives-values 9 org.kanger.Linker.updateDatabase 1
STACK_INCLUSIVE natives-values 9 org.kanger.Mind.<init> 1
STACK_INCLUSIVE natives-values 9 org.kanger.Mind.compileLine 1
STACK_INCLUSIVE natives-values 9 org.kanger.Mind.executeSystem 1
STACK_INCLUSIVE natives-values 9 org.kanger.Mind.link 10
STACK_INCLUSIVE natives-values 9 org.kanger.Mind.query 11
STACK_INCLUSIVE natives-values 9 org.kanger.Mind.queryCheckFalse 3
STACK_INCLUSIVE natives-values 9 org.kanger.Mind.queryCheckTrue 8
STACK_INCLUSIVE natives-values 9 org.kanger.PortableMindLayer.<init> 1
STACK_INCLUSIVE natives-values 9 org.kanger.PortableMindLayer.empty 1
STACK_INCLUSIVE natives-values 9 org.kanger.TValueBaselineBenchmarkRunner.bench 11
STACK_INCLUSIVE natives-values 9 org.kanger.TValueBaselineBenchmarkRunner.main 11
STACK_INCLUSIVE natives-values 9 org.kanger.TValueBaselineBenchmarkRunner.run 11
STACK_INCLUSIVE natives-values 9 org.kanger.TechnicalMindTransaction.<init> 1
STACK_INCLUSIVE natives-values 9 org.kanger.TechnicalMindTransaction.begin 1
STACK_INCLUSIVE natives-values 9 org.kanger.calculator.Calculator.execute 1
STACK_INCLUSIVE natives-values 9 org.kanger.factory.RuleCandidateIndex.batchGeneratedNonSubstitutablePair 1
STACK_INCLUSIVE natives-values 9 org.kanger.factory.RuleCandidateIndex.collectResolvedLocal 2
STACK_INCLUSIVE natives-values 9 org.kanger.factory.RuleCandidateIndex.computeBatchSummary 1
STACK_INCLUSIVE natives-values 9 org.kanger.factory.RuleFactory.collectResolvedCandidateIds 2
STACK_INCLUSIVE natives-values 9 org.kanger.factory.RuleFactory.effectiveView 1
STACK_INCLUSIVE natives-values 9 org.kanger.factory.RuleFactory.find 1
STACK_INCLUSIVE natives-values 9 org.kanger.factory.RuleFactory.findByResolvedDomain 2
STACK_INCLUSIVE natives-values 9 org.kanger.factory.RuleFactory.get 1
STACK_INCLUSIVE natives-values 9 org.kanger.factory.RuleFactory.isPromoted 1
STACK_INCLUSIVE natives-values 9 org.kanger.factory.TValueFactory.forEach 7
STACK_INCLUSIVE natives-values 9 org.kanger.primitives.TVariableSet.hashCode 3
STACK_INCLUSIVE natives-values 9 org.kanger.units.Domain.execSystem 1
STACK_INCLUSIVE natives-values 9 org.kanger.units.Domain.isStored 1
STACK_INCLUSIVE natives-values 9 org.kanger.units.Predicate.getName 1
STACK_LEAF natives-values 9 java.lang.StringBuilder.<init> 1
STACK_LEAF natives-values 9 java.util.HashMap.getNode 1
STACK_LEAF natives-values 9 java.util.LinkedHashSet.<init> 1
STACK_LEAF natives-values 9 org.kanger.Linker.isValidFor 1
STACK_LEAF natives-values 9 org.kanger.Linker.linkDatabase 1
STACK_LEAF natives-values 9 org.kanger.Linker.updateDatabase 1
STACK_LEAF natives-values 9 org.kanger.factory.RuleCandidateIndex.batchGeneratedNonSubstitutablePair 1
STACK_LEAF natives-values 9 org.kanger.factory.RuleFactory.isPromoted 1
STACK_LEAF natives-values 9 org.kanger.primitives.TVariableSet.hashCode 3
natives-values,9,59085734,112684535,1,14282,3251,1e32a669397194dffa52431a1d005bf88c0f8e9ef36b6d66cf4bd75abf9f6c3b
STACK_TOTAL natives-values 10 8
STACK_INCLUSIVE natives-values 10 org.kanger.Analyzer.analyze 1
STACK_INCLUSIVE natives-values 10 org.kanger.Analyzer.candidatesFor 1
STACK_INCLUSIVE natives-values 10 org.kanger.Analyzer.checkDatabase 1
STACK_INCLUSIVE natives-values 10 org.kanger.Analyzer.checkRight 1
STACK_INCLUSIVE natives-values 10 org.kanger.Linker$3.run 1
STACK_INCLUSIVE natives-values 10 org.kanger.Linker$4.run 4
STACK_INCLUSIVE natives-values 10 org.kanger.Linker.access$2 1
STACK_INCLUSIVE natives-values 10 org.kanger.Linker.access$4 3
STACK_INCLUSIVE natives-values 10 org.kanger.Linker.access$5 4
STACK_INCLUSIVE natives-values 10 org.kanger.Linker.isValidFor 3
STACK_INCLUSIVE natives-values 10 org.kanger.Linker.link 6
STACK_INCLUSIVE natives-values 10 org.kanger.Linker.linkDomains 1
STACK_INCLUSIVE natives-values 10 org.kanger.Linker.rotateVariables 5
STACK_INCLUSIVE natives-values 10 org.kanger.Linker.rotator 6
STACK_INCLUSIVE natives-values 10 org.kanger.Linker.synchronizeSolveIndex 3
STACK_INCLUSIVE natives-values 10 org.kanger.Linker.updateDatabase 1
STACK_INCLUSIVE natives-values 10 org.kanger.Mind.<init> 1
STACK_INCLUSIVE natives-values 10 org.kanger.Mind.analyze 1
STACK_INCLUSIVE natives-values 10 org.kanger.Mind.init 1
STACK_INCLUSIVE natives-values 10 org.kanger.Mind.link 6
STACK_INCLUSIVE natives-values 10 org.kanger.Mind.query 8
STACK_INCLUSIVE natives-values 10 org.kanger.Mind.queryCheckFalse 2
STACK_INCLUSIVE natives-values 10 org.kanger.Mind.queryCheckTrue 6
STACK_INCLUSIVE natives-values 10 org.kanger.TValueBaselineBenchmarkRunner.bench 8
STACK_INCLUSIVE natives-values 10 org.kanger.TValueBaselineBenchmarkRunner.main 8
STACK_INCLUSIVE natives-values 10 org.kanger.TValueBaselineBenchmarkRunner.run 8
STACK_INCLUSIVE natives-values 10 org.kanger.TechnicalMindTransaction.<init> 1
STACK_INCLUSIVE natives-values 10 org.kanger.TechnicalMindTransaction.begin 1
STACK_INCLUSIVE natives-values 10 org.kanger.calculator.Calculator.<init> 1
STACK_INCLUSIVE natives-values 10 org.kanger.calculator.Functions$1$11.<init> 1
STACK_INCLUSIVE natives-values 10 org.kanger.calculator.Functions$1.<init> 1
STACK_INCLUSIVE natives-values 10 org.kanger.calculator.Functions.<init> 1
STACK_INCLUSIVE natives-values 10 org.kanger.enums.Tools.parseDate 1
STACK_INCLUSIVE natives-values 10 org.kanger.factory.DictionaryFactory.add 1
STACK_INCLUSIVE natives-values 10 org.kanger.factory.DictionaryFactory.find 1
STACK_INCLUSIVE natives-values 10 org.kanger.factory.RuleFactory.add 1
STACK_INCLUSIVE natives-values 10 org.kanger.factory.RuleFactory.findByDomain 1
STACK_INCLUSIVE natives-values 10 org.kanger.factory.RuleFactory.get 1
STACK_INCLUSIVE natives-values 10 org.kanger.factory.RuleFactory.getRaw 1
STACK_INCLUSIVE natives-values 10 org.kanger.factory.TValueFactory.find 1
STACK_INCLUSIVE natives-values 10 org.kanger.factory.TValueFactory.forEach 4
STACK_INCLUSIVE natives-values 10 org.kanger.factory.TValueFactory.get 2
STACK_INCLUSIVE natives-values 10 org.kanger.primitives.TVariableSet.hashCode 2
STACK_INCLUSIVE natives-values 10 org.kanger.storage.Escalera.get 3
STACK_INCLUSIVE natives-values 10 org.kanger.storage.Step.getData 2
STACK_INCLUSIVE natives-values 10 org.kanger.units.Domain.createStored 1
STACK_INCLUSIVE natives-values 10 org.kanger.units.Term.<init> 1
STACK_INCLUSIVE natives-values 10 org.kanger.units.Term.construct 1
STACK_LEAF natives-values 10 java.lang.Throwable.fillInStackTrace 1
STACK_LEAF natives-values 10 org.kanger.Linker.synchronizeSolveIndex 1
STACK_LEAF natives-values 10 org.kanger.calculator.Functions$1$11.<init> 1
STACK_LEAF natives-values 10 org.kanger.primitives.TVariableSet.hashCode 2
STACK_LEAF natives-values 10 org.kanger.storage.Escalera.get 1
STACK_LEAF natives-values 10 org.kanger.storage.Step.getData 2
natives-values,10,83789798,81738571,1,14282,3251,1e32a669397194dffa52431a1d005bf88c0f8e9ef36b6d66cf4bd75abf9f6c3b
STACK_TOTAL natives-values 11 9
STACK_INCLUSIVE natives-values 11 org.kanger.Linker$3.run 2
STACK_INCLUSIVE natives-values 11 org.kanger.Linker$4.run 7
STACK_INCLUSIVE natives-values 11 org.kanger.Linker.access$3 2
STACK_INCLUSIVE natives-values 11 org.kanger.Linker.access$4 5
STACK_INCLUSIVE natives-values 11 org.kanger.Linker.access$5 6
STACK_INCLUSIVE natives-values 11 org.kanger.Linker.getSolveCandidates 1
STACK_INCLUSIVE natives-values 11 org.kanger.Linker.isValidFor 5
STACK_INCLUSIVE natives-values 11 org.kanger.Linker.link 8
STACK_INCLUSIVE natives-values 11 org.kanger.Linker.linkDatabase 2
STACK_INCLUSIVE natives-values 11 org.kanger.Linker.rotateVariables 7
STACK_INCLUSIVE natives-values 11 org.kanger.Linker.rotator 7
STACK_INCLUSIVE natives-values 11 org.kanger.Linker.synchronizeSolveIndex 2
STACK_INCLUSIVE natives-values 11 org.kanger.Mind.<init> 1
STACK_INCLUSIVE natives-values 11 org.kanger.Mind.link 8
STACK_INCLUSIVE natives-values 11 org.kanger.Mind.query 9
STACK_INCLUSIVE natives-values 11 org.kanger.Mind.queryCheckFalse 3
STACK_INCLUSIVE natives-values 11 org.kanger.Mind.queryCheckTrue 6
STACK_INCLUSIVE natives-values 11 org.kanger.TValueBaselineBenchmarkRunner.bench 9
STACK_INCLUSIVE natives-values 11 org.kanger.TValueBaselineBenchmarkRunner.main 9
STACK_INCLUSIVE natives-values 11 org.kanger.TValueBaselineBenchmarkRunner.run 9
STACK_INCLUSIVE natives-values 11 org.kanger.TechnicalMindTransaction.<init> 1
STACK_INCLUSIVE natives-values 11 org.kanger.TechnicalMindTransaction.begin 1
STACK_INCLUSIVE natives-values 11 org.kanger.factory.RuleCandidateIndex$IdIndex.clear 1
STACK_INCLUSIVE natives-values 11 org.kanger.factory.RuleCandidateIndex.clear 1
STACK_INCLUSIVE natives-values 11 org.kanger.factory.RuleFactory.find 1
STACK_INCLUSIVE natives-values 11 org.kanger.factory.RuleFactory.transaction 1
STACK_INCLUSIVE natives-values 11 org.kanger.factory.TValueFactory.forEach 7
STACK_INCLUSIVE natives-values 11 org.kanger.primitives.ArgumentsList.equalsBase 1
STACK_INCLUSIVE natives-values 11 org.kanger.primitives.TVariableSet.hashCode 4
STACK_INCLUSIVE natives-values 11 org.kanger.units.Domain.isExcluded 1
STACK_INCLUSIVE natives-values 11 org.kanger.units.Domain.isStored 1
STACK_INCLUSIVE natives-values 11 org.kanger.units.Rule.equalsTo 1
STACK_LEAF natives-values 11 java.util.Vector.clear 1
STACK_LEAF natives-values 11 org.kanger.Linker.isValidFor 1
STACK_LEAF natives-values 11 org.kanger.Linker.link 1
STACK_LEAF natives-values 11 org.kanger.primitives.ArgumentsList.equalsBase 1
STACK_LEAF natives-values 11 org.kanger.primitives.TVariableSet.hashCode 4
STACK_LEAF natives-values 11 org.kanger.units.Rule.equalsTo 1
natives-values,11,88474853,85896604,1,14282,3251,1e32a669397194dffa52431a1d005bf88c0f8e9ef36b6d66cf4bd75abf9f6c3b
STACK_TOTAL natives-values 12 8
STACK_INCLUSIVE natives-values 12 org.kanger.Analyzer.analyze 1
STACK_INCLUSIVE natives-values 12 org.kanger.Analyzer.candidatesFor 1
STACK_INCLUSIVE natives-values 12 org.kanger.Analyzer.checkDatabase 1
STACK_INCLUSIVE natives-values 12 org.kanger.Analyzer.checkRight 1
STACK_INCLUSIVE natives-values 12 org.kanger.Linker$3.run 3
STACK_INCLUSIVE natives-values 12 org.kanger.Linker$4.run 1
STACK_INCLUSIVE natives-values 12 org.kanger.Linker.access$1 1
STACK_INCLUSIVE natives-values 12 org.kanger.Linker.access$2 2
STACK_INCLUSIVE natives-values 12 org.kanger.Linker.access$4 1
STACK_INCLUSIVE natives-values 12 org.kanger.Linker.access$5 1
STACK_INCLUSIVE natives-values 12 org.kanger.Linker.isValidFor 1
STACK_INCLUSIVE natives-values 12 org.kanger.Linker.link 5
STACK_INCLUSIVE natives-values 12 org.kanger.Linker.linkDomains 2
STACK_INCLUSIVE natives-values 12 org.kanger.Linker.rotateVariables 4
STACK_INCLUSIVE natives-values 12 org.kanger.Linker.rotator 4
STACK_INCLUSIVE natives-values 12 org.kanger.Linker.selectDomainCandidates 1
STACK_INCLUSIVE natives-values 12 org.kanger.Linker.synchronizeSolveIndex 1
STACK_INCLUSIVE natives-values 12 org.kanger.LinkerStatistics.incrementPasses 1
STACK_INCLUSIVE natives-values 12 org.kanger.Mind.analyze 1
STACK_INCLUSIVE natives-values 12 org.kanger.Mind.commit 1
STACK_INCLUSIVE natives-values 12 org.kanger.Mind.compileLine 2
STACK_INCLUSIVE natives-values 12 org.kanger.Mind.isUnitDeleted 1
STACK_INCLUSIVE natives-values 12 org.kanger.Mind.link 5
STACK_INCLUSIVE natives-values 12 org.kanger.Mind.query 8
STACK_INCLUSIVE natives-values 12 org.kanger.Mind.queryCheckFalse 2
STACK_INCLUSIVE natives-values 12 org.kanger.Mind.queryCheckTrue 6
STACK_INCLUSIVE natives-values 12 org.kanger.QueryReplayContext.observeCompilation 1
STACK_INCLUSIVE natives-values 12 org.kanger.QueryReplayContext.publish 1
STACK_INCLUSIVE natives-values 12 org.kanger.TValueBaselineBenchmarkRunner.bench 8
STACK_INCLUSIVE natives-values 12 org.kanger.TValueBaselineBenchmarkRunner.main 8
STACK_INCLUSIVE natives-values 12 org.kanger.TValueBaselineBenchmarkRunner.run 8
STACK_INCLUSIVE natives-values 12 org.kanger.TechnicalMindTransaction.commit 1
STACK_INCLUSIVE natives-values 12 org.kanger.compiler.Compiller.compileLine 1
STACK_INCLUSIVE natives-values 12 org.kanger.factory.LibraryFactory.commit 1
STACK_INCLUSIVE natives-values 12 org.kanger.factory.RuleFactory.collectDomainIds 1
STACK_INCLUSIVE natives-values 12 org.kanger.factory.RuleFactory.findByDomain 1
STACK_INCLUSIVE natives-values 12 org.kanger.factory.RuleFactory.findByResolvedDomain 1
STACK_INCLUSIVE natives-values 12 org.kanger.factory.RuleFactory.get 1
STACK_INCLUSIVE natives-values 12 org.kanger.factory.RuleFactory.getRaw 1
STACK_INCLUSIVE natives-values 12 org.kanger.factory.TValueFactory.forEach 1
STACK_INCLUSIVE natives-values 12 org.kanger.primitives.Argument.isDeleted 1
STACK_INCLUSIVE natives-values 12 org.kanger.primitives.ArgumentsList.getTVariables 1
STACK_INCLUSIVE natives-values 12 org.kanger.primitives.TVariableSet.hashCode 1
STACK_INCLUSIVE natives-values 12 org.kanger.storage.Escalera.get 1
STACK_INCLUSIVE natives-values 12 org.kanger.storage.Step.getData 1
STACK_INCLUSIVE natives-values 12 org.kanger.units.CachedDomain.setMind 1
STACK_INCLUSIVE natives-values 12 org.kanger.units.Domain.setMind 1
STACK_INCLUSIVE natives-values 12 org.kanger.units.Rule.setMind 1
STACK_INCLUSIVE natives-values 12 org.kanger.units.TVariable.isDeleted 1
STACK_LEAF natives-values 12 java.lang.Object.hashCode 1
STACK_LEAF natives-values 12 java.util.HashMap.getNode 1
STACK_LEAF natives-values 12 org.kanger.Linker.linkDomains 2
STACK_LEAF natives-values 12 org.kanger.LinkerStatistics.incrementPasses 1
STACK_LEAF natives-values 12 org.kanger.Mind.isUnitDeleted 1
STACK_LEAF natives-values 12 org.kanger.factory.LibraryFactory.commit 1
STACK_LEAF natives-values 12 org.kanger.primitives.TVariableSet.hashCode 1
natives-values,12,59627301,73744636,1,14282,3251,1e32a669397194dffa52431a1d005bf88c0f8e9ef36b6d66cf4bd75abf9f6c3b
STACK_TOTAL natives-values 13 7
STACK_INCLUSIVE natives-values 13 org.kanger.Linker$3.run 4
STACK_INCLUSIVE natives-values 13 org.kanger.Linker$4.run 4
STACK_INCLUSIVE natives-values 13 org.kanger.Linker.access$2 1
STACK_INCLUSIVE natives-values 13 org.kanger.Linker.access$3 3
STACK_INCLUSIVE natives-values 13 org.kanger.Linker.access$4 1
STACK_INCLUSIVE natives-values 13 org.kanger.Linker.access$5 4
STACK_INCLUSIVE natives-values 13 org.kanger.Linker.checkSystem 1
STACK_INCLUSIVE natives-values 13 org.kanger.Linker.isValidFor 1
STACK_INCLUSIVE natives-values 13 org.kanger.Linker.link 6
STACK_INCLUSIVE natives-values 13 org.kanger.Linker.linkDatabase 3
STACK_INCLUSIVE natives-values 13 org.kanger.Linker.linkDomains 1
STACK_INCLUSIVE natives-values 13 org.kanger.Linker.markExcluded 1
STACK_INCLUSIVE natives-values 13 org.kanger.Linker.rotateVariables 5
STACK_INCLUSIVE natives-values 13 org.kanger.Linker.rotator 5
STACK_INCLUSIVE natives-values 13 org.kanger.Mind.compileLine 1
STACK_INCLUSIVE natives-values 13 org.kanger.Mind.link 6
STACK_INCLUSIVE natives-values 13 org.kanger.Mind.query 7
STACK_INCLUSIVE natives-values 13 org.kanger.Mind.queryCheckFalse 2
STACK_INCLUSIVE natives-values 13 org.kanger.Mind.queryCheckTrue 5
STACK_INCLUSIVE natives-values 13 org.kanger.TValueBaselineBenchmarkRunner.bench 7
STACK_INCLUSIVE natives-values 13 org.kanger.TValueBaselineBenchmarkRunner.main 7
STACK_INCLUSIVE natives-values 13 org.kanger.TValueBaselineBenchmarkRunner.run 7
STACK_INCLUSIVE natives-values 13 org.kanger.compiler.Compiller.compileLine 1
STACK_INCLUSIVE natives-values 13 org.kanger.enums.Tools.parseDate 1
STACK_INCLUSIVE natives-values 13 org.kanger.factory.DictionaryFactory.add 1
STACK_INCLUSIVE natives-values 13 org.kanger.factory.DictionaryFactory.find 1
STACK_INCLUSIVE natives-values 13 org.kanger.factory.RuleFactory.find 1
STACK_INCLUSIVE natives-values 13 org.kanger.factory.TValueFactory.forEach 4
STACK_INCLUSIVE natives-values 13 org.kanger.primitives.Argument.isEmpty 2
STACK_INCLUSIVE natives-values 13 org.kanger.primitives.ArgumentsList.getHash 1
STACK_INCLUSIVE natives-values 13 org.kanger.primitives.Solve.getHash 1
STACK_INCLUSIVE natives-values 13 org.kanger.primitives.TVariableSet.contains 1
STACK_INCLUSIVE natives-values 13 org.kanger.units.Domain.isComplete 1
STACK_INCLUSIVE natives-values 13 org.kanger.units.Domain.isExcluded 1
STACK_INCLUSIVE natives-values 13 org.kanger.units.Domain.isStored 1
STACK_INCLUSIVE natives-values 13 org.kanger.units.Domain.setExcluded 1
STACK_INCLUSIVE natives-values 13 org.kanger.units.TVariable.compareTo 1
STACK_INCLUSIVE natives-values 13 org.kanger.units.Term.<init> 1
STACK_INCLUSIVE natives-values 13 org.kanger.units.Term.construct 1
STACK_LEAF natives-values 13 java.lang.Throwable.fillInStackTrace 1
STACK_LEAF natives-values 13 java.util.HashMap$HashIterator.<init> 1
STACK_LEAF natives-values 13 org.kanger.Linker.checkSystem 1
STACK_LEAF natives-values 13 org.kanger.Linker.link 1
STACK_LEAF natives-values 13 org.kanger.primitives.Argument.isEmpty 2
STACK_LEAF natives-values 13 org.kanger.units.TVariable.compareTo 1
natives-values,13,52344520,68363556,1,14282,3251,1e32a669397194dffa52431a1d005bf88c0f8e9ef36b6d66cf4bd75abf9f6c3b
STACK_TOTAL natives-values 14 7
STACK_INCLUSIVE natives-values 14 org.kanger.Linker$3.run 5
STACK_INCLUSIVE natives-values 14 org.kanger.Linker$4.run 1
STACK_INCLUSIVE natives-values 14 org.kanger.Linker.access$1 2
STACK_INCLUSIVE natives-values 14 org.kanger.Linker.access$2 3
STACK_INCLUSIVE natives-values 14 org.kanger.Linker.access$4 1
STACK_INCLUSIVE natives-values 14 org.kanger.Linker.access$5 1
STACK_INCLUSIVE natives-values 14 org.kanger.Linker.isValidFor 1
STACK_INCLUSIVE natives-values 14 org.kanger.Linker.link 6
STACK_INCLUSIVE natives-values 14 org.kanger.Linker.linkDomains 3
STACK_INCLUSIVE natives-values 14 org.kanger.Linker.markExcluded 2
STACK_INCLUSIVE natives-values 14 org.kanger.Linker.rotateVariables 6
STACK_INCLUSIVE natives-values 14 org.kanger.Linker.rotator 6
STACK_INCLUSIVE natives-values 14 org.kanger.Linker.selectDomainCandidates 2
STACK_INCLUSIVE natives-values 14 org.kanger.Linker.synchronizeSolveIndex 1
STACK_INCLUSIVE natives-values 14 org.kanger.Mind.compileLine 1
STACK_INCLUSIVE natives-values 14 org.kanger.Mind.link 6
STACK_INCLUSIVE natives-values 14 org.kanger.Mind.query 7
STACK_INCLUSIVE natives-values 14 org.kanger.Mind.queryCheckFalse 2
STACK_INCLUSIVE natives-values 14 org.kanger.Mind.queryCheckTrue 5
STACK_INCLUSIVE natives-values 14 org.kanger.TValueBaselineBenchmarkRunner.bench 7
STACK_INCLUSIVE natives-values 14 org.kanger.TValueBaselineBenchmarkRunner.main 7
STACK_INCLUSIVE natives-values 14 org.kanger.TValueBaselineBenchmarkRunner.run 7
STACK_INCLUSIVE natives-values 14 org.kanger.compiler.Compiller.compileLine 1
STACK_INCLUSIVE natives-values 14 org.kanger.enums.Tools.isPeriod 1
STACK_INCLUSIVE natives-values 14 org.kanger.factory.DictionaryFactory.add 1
STACK_INCLUSIVE natives-values 14 org.kanger.factory.DictionaryFactory.find 1
STACK_INCLUSIVE natives-values 14 org.kanger.factory.RuleCandidateIndex.collectResolvedLocal 1
STACK_INCLUSIVE natives-values 14 org.kanger.factory.RuleFactory.collectResolvedCandidateIds 1
STACK_INCLUSIVE natives-values 14 org.kanger.factory.RuleFactory.findByResolvedDomain 2
STACK_INCLUSIVE natives-values 14 org.kanger.factory.RuleFactory.get 1
STACK_INCLUSIVE natives-values 14 org.kanger.factory.RuleFactory.getRaw 1
STACK_INCLUSIVE natives-values 14 org.kanger.factory.TValueFactory.forEach 1
STACK_INCLUSIVE natives-values 14 org.kanger.primitives.Argument.isEmpty 1
STACK_INCLUSIVE natives-values 14 org.kanger.primitives.ArgumentsList.equalsBase 2
STACK_INCLUSIVE natives-values 14 org.kanger.primitives.TVariableSet.hashCode 1
STACK_INCLUSIVE natives-values 14 org.kanger.storage.Escalera.get 1
STACK_INCLUSIVE natives-values 14 org.kanger.storage.Step.getData 1
STACK_INCLUSIVE natives-values 14 org.kanger.units.CachedDomain.setMind 1
STACK_INCLUSIVE natives-values 14 org.kanger.units.Domain.isExcluded 1
STACK_INCLUSIVE natives-values 14 org.kanger.units.Domain.isUsed 1
STACK_INCLUSIVE natives-values 14 org.kanger.units.Domain.setExcluded 1
STACK_INCLUSIVE natives-values 14 org.kanger.units.Domain.setMind 1
STACK_INCLUSIVE natives-values 14 org.kanger.units.Domain.setUsed 1
STACK_INCLUSIVE natives-values 14 org.kanger.units.Rule.setMind 1
STACK_INCLUSIVE natives-values 14 org.kanger.units.Term.<init> 1
STACK_INCLUSIVE natives-values 14 org.kanger.units.Term.construct 1
STACK_LEAF natives-values 14 java.util.ArrayList$SubList.toArray 1
STACK_LEAF natives-values 14 org.kanger.Linker.markExcluded 1
STACK_LEAF natives-values 14 org.kanger.factory.RuleCandidateIndex.collectResolvedLocal 1
STACK_LEAF natives-values 14 org.kanger.primitives.Argument.isEmpty 1
STACK_LEAF natives-values 14 org.kanger.primitives.ArgumentsList.equalsBase 1
STACK_LEAF natives-values 14 org.kanger.primitives.TVariableSet.hashCode 1
STACK_LEAF natives-values 14 org.kanger.units.Domain.setMind 1
natives-values,14,51098654,72539952,1,14282,3251,1e32a669397194dffa52431a1d005bf88c0f8e9ef36b6d66cf4bd75abf9f6c3b
STACK_TOTAL natives-values 15 7
STACK_INCLUSIVE natives-values 15 org.kanger.Linker$3.run 4
STACK_INCLUSIVE natives-values 15 org.kanger.Linker$4.run 3
STACK_INCLUSIVE natives-values 15 org.kanger.Linker.access$1 1
STACK_INCLUSIVE natives-values 15 org.kanger.Linker.access$2 2
STACK_INCLUSIVE natives-values 15 org.kanger.Linker.access$3 1
STACK_INCLUSIVE natives-values 15 org.kanger.Linker.access$4 2
STACK_INCLUSIVE natives-values 15 org.kanger.Linker.access$5 3
STACK_INCLUSIVE natives-values 15 org.kanger.Linker.isValidFor 2
STACK_INCLUSIVE natives-values 15 org.kanger.Linker.link 6
STACK_INCLUSIVE natives-values 15 org.kanger.Linker.linkDatabase 1
STACK_INCLUSIVE natives-values 15 org.kanger.Linker.linkDomains 2
STACK_INCLUSIVE natives-values 15 org.kanger.Linker.markExcluded 1
STACK_INCLUSIVE natives-values 15 org.kanger.Linker.rotateVariables 6
STACK_INCLUSIVE natives-values 15 org.kanger.Linker.rotator 6
STACK_INCLUSIVE natives-values 15 org.kanger.Linker.selectDomainCandidates 1
STACK_INCLUSIVE natives-values 15 org.kanger.Mind.compileLine 1
STACK_INCLUSIVE natives-values 15 org.kanger.Mind.link 6
STACK_INCLUSIVE natives-values 15 org.kanger.Mind.query 7
STACK_INCLUSIVE natives-values 15 org.kanger.Mind.queryCheckFalse 2
STACK_INCLUSIVE natives-values 15 org.kanger.Mind.queryCheckTrue 5
STACK_INCLUSIVE natives-values 15 org.kanger.TValueBaselineBenchmarkRunner.bench 7
STACK_INCLUSIVE natives-values 15 org.kanger.TValueBaselineBenchmarkRunner.main 7
STACK_INCLUSIVE natives-values 15 org.kanger.TValueBaselineBenchmarkRunner.run 7
STACK_INCLUSIVE natives-values 15 org.kanger.compiler.Compiller.compileLine 1
STACK_INCLUSIVE natives-values 15 org.kanger.enums.Tools.parseDate 1
STACK_INCLUSIVE natives-values 15 org.kanger.factory.DictionaryFactory.add 1
STACK_INCLUSIVE natives-values 15 org.kanger.factory.DictionaryFactory.find 1
STACK_INCLUSIVE natives-values 15 org.kanger.factory.RuleCandidateIndex.collectResolvedLocal 1
STACK_INCLUSIVE natives-values 15 org.kanger.factory.RuleFactory.collectResolvedCandidateIds 1
STACK_INCLUSIVE natives-values 15 org.kanger.factory.RuleFactory.findByResolvedDomain 1
STACK_INCLUSIVE natives-values 15 org.kanger.factory.TValueFactory.forEach 3
STACK_INCLUSIVE natives-values 15 org.kanger.primitives.Argument.getValue 1
STACK_INCLUSIVE natives-values 15 org.kanger.primitives.Argument.isEmpty 1
STACK_INCLUSIVE natives-values 15 org.kanger.primitives.Cause.equals 1
STACK_INCLUSIVE natives-values 15 org.kanger.primitives.Solve.equals 1
STACK_INCLUSIVE natives-values 15 org.kanger.primitives.TVariableSet.contains 2
STACK_INCLUSIVE natives-values 15 org.kanger.units.Domain.isComplete 1
STACK_INCLUSIVE natives-values 15 org.kanger.units.TVariable.activeMind 1
STACK_INCLUSIVE natives-values 15 org.kanger.units.TVariable.compareTo 2
STACK_INCLUSIVE natives-values 15 org.kanger.units.TVariable.getValue 1
STACK_INCLUSIVE natives-values 15 org.kanger.units.Term.<init> 1
STACK_INCLUSIVE natives-values 15 org.kanger.units.Term.construct 1
STACK_LEAF natives-values 15 java.lang.ThreadLocal$ThreadLocalMap.getEntryAfterMiss 1
STACK_LEAF natives-values 15 java.lang.Throwable.fillInStackTrace 1
STACK_LEAF natives-values 15 org.kanger.Linker.linkDomains 1
STACK_LEAF natives-values 15 org.kanger.factory.RuleCandidateIndex.collectResolvedLocal 1
STACK_LEAF natives-values 15 org.kanger.primitives.Solve.equals 1
STACK_LEAF natives-values 15 org.kanger.units.TVariable.compareTo 2
natives-values,15,50214624,71516977,1,14282,3251,1e32a669397194dffa52431a1d005bf88c0f8e9ef36b6d66cf4bd75abf9f6c3b
STACK_TOTAL natives-values 16 7
STACK_INCLUSIVE natives-values 16 org.kanger.Linker$3.run 4
STACK_INCLUSIVE natives-values 16 org.kanger.Linker$4.run 2
STACK_INCLUSIVE natives-values 16 org.kanger.Linker.access$1 3
STACK_INCLUSIVE natives-values 16 org.kanger.Linker.access$3 1
STACK_INCLUSIVE natives-values 16 org.kanger.Linker.access$4 1
STACK_INCLUSIVE natives-values 16 org.kanger.Linker.access$5 1
STACK_INCLUSIVE natives-values 16 org.kanger.Linker.isValidFor 1
STACK_INCLUSIVE natives-values 16 org.kanger.Linker.link 6
STACK_INCLUSIVE natives-values 16 org.kanger.Linker.linkDatabase 1
STACK_INCLUSIVE natives-values 16 org.kanger.Linker.rotateVariables 6
STACK_INCLUSIVE natives-values 16 org.kanger.Linker.rotator 6
STACK_INCLUSIVE natives-values 16 org.kanger.Linker.selectDomainCandidates 3
STACK_INCLUSIVE natives-values 16 org.kanger.Linker.synchronizeSolveIndex 1
STACK_INCLUSIVE natives-values 16 org.kanger.Mind.compileLine 1
STACK_INCLUSIVE natives-values 16 org.kanger.Mind.isUnitDeleted 1
STACK_INCLUSIVE natives-values 16 org.kanger.Mind.link 6
STACK_INCLUSIVE natives-values 16 org.kanger.Mind.query 7
STACK_INCLUSIVE natives-values 16 org.kanger.Mind.queryCheckFalse 2
STACK_INCLUSIVE natives-values 16 org.kanger.Mind.queryCheckTrue 5
STACK_INCLUSIVE natives-values 16 org.kanger.TValueBaselineBenchmarkRunner.bench 7
STACK_INCLUSIVE natives-values 16 org.kanger.TValueBaselineBenchmarkRunner.main 7
STACK_INCLUSIVE natives-values 16 org.kanger.TValueBaselineBenchmarkRunner.run 7
STACK_INCLUSIVE natives-values 16 org.kanger.compiler.Compiller.compileLine 1
STACK_INCLUSIVE natives-values 16 org.kanger.enums.Tools.parseDate 1
STACK_INCLUSIVE natives-values 16 org.kanger.factory.DictionaryFactory.add 1
STACK_INCLUSIVE natives-values 16 org.kanger.factory.RuleCandidateIndex.collectResolvedLocal 2
STACK_INCLUSIVE natives-values 16 org.kanger.factory.RuleCandidateIndex.computeBatchSummary 1
STACK_INCLUSIVE natives-values 16 org.kanger.factory.RuleFactory.collectResolvedCandidateIds 2
STACK_INCLUSIVE natives-values 16 org.kanger.factory.RuleFactory.effectiveView 1
STACK_INCLUSIVE natives-values 16 org.kanger.factory.RuleFactory.find 1
STACK_INCLUSIVE natives-values 16 org.kanger.factory.RuleFactory.findByResolvedDomain 3
STACK_INCLUSIVE natives-values 16 org.kanger.factory.RuleFactory.get 2
STACK_INCLUSIVE natives-values 16 org.kanger.factory.RuleFactory.getRaw 1
STACK_INCLUSIVE natives-values 16 org.kanger.factory.RuleFactory.isPromoted 1
STACK_INCLUSIVE natives-values 16 org.kanger.factory.TValueFactory.forEach 2
STACK_INCLUSIVE natives-values 16 org.kanger.factory.TValueFactory.get 1
STACK_INCLUSIVE natives-values 16 org.kanger.primitives.Argument.isDeleted 1
STACK_INCLUSIVE natives-values 16 org.kanger.primitives.ArgumentsList.getTVariables 1
STACK_INCLUSIVE natives-values 16 org.kanger.storage.Escalera.find 1
STACK_INCLUSIVE natives-values 16 org.kanger.storage.Escalera.get 2
STACK_INCLUSIVE natives-values 16 org.kanger.storage.Step.getData 2
STACK_INCLUSIVE natives-values 16 org.kanger.units.CachedDomain.setMind 1
STACK_INCLUSIVE natives-values 16 org.kanger.units.Domain.isStored 1
STACK_INCLUSIVE natives-values 16 org.kanger.units.Domain.setMind 1
STACK_INCLUSIVE natives-values 16 org.kanger.units.Rule.setMind 1
STACK_INCLUSIVE natives-values 16 org.kanger.units.TVariable.isDeleted 1
STACK_INCLUSIVE natives-values 16 org.kanger.units.Term.<init> 1
STACK_INCLUSIVE natives-values 16 org.kanger.units.Term.construct 1
STACK_LEAF natives-values 16 java.util.HashMap$HashIterator.<init> 1
STACK_LEAF natives-values 16 java.util.HashMap.getNode 1
STACK_LEAF natives-values 16 java.util.HashMap.putVal 1
STACK_LEAF natives-values 16 org.kanger.Mind.isUnitDeleted 1
STACK_LEAF natives-values 16 org.kanger.enums.Tools.parseDate 1
STACK_LEAF natives-values 16 org.kanger.factory.RuleFactory.isPromoted 1
STACK_LEAF natives-values 16 org.kanger.storage.Step.getData 1
natives-values,16,52272212,69846562,1,14282,3251,1e32a669397194dffa52431a1d005bf88c0f8e9ef36b6d66cf4bd75abf9f6c3b
STACK_TOTAL natives-values 17 7
STACK_INCLUSIVE natives-values 17 org.kanger.Linker$3.run 4
STACK_INCLUSIVE natives-values 17 org.kanger.Linker$4.run 3
STACK_INCLUSIVE natives-values 17 org.kanger.Linker.access$2 2
STACK_INCLUSIVE natives-values 17 org.kanger.Linker.access$3 2
STACK_INCLUSIVE natives-values 17 org.kanger.Linker.access$4 1
STACK_INCLUSIVE natives-values 17 org.kanger.Linker.access$5 3
STACK_INCLUSIVE natives-values 17 org.kanger.Linker.addOppositeNatives 1
STACK_INCLUSIVE natives-values 17 org.kanger.Linker.isValidFor 1
STACK_INCLUSIVE natives-values 17 org.kanger.Linker.link 6
STACK_INCLUSIVE natives-values 17 org.kanger.Linker.linkDatabase 2
STACK_INCLUSIVE natives-values 17 org.kanger.Linker.linkDomains 2
STACK_INCLUSIVE natives-values 17 org.kanger.Linker.markExcluded 1
STACK_INCLUSIVE natives-values 17 org.kanger.Linker.rotateVariables 5
STACK_INCLUSIVE natives-values 17 org.kanger.Linker.rotator 5
STACK_INCLUSIVE natives-values 17 org.kanger.Linker.synchronizeSolveIndex 1
STACK_INCLUSIVE natives-values 17 org.kanger.Mind.compileLine 1
STACK_INCLUSIVE natives-values 17 org.kanger.Mind.link 6
STACK_INCLUSIVE natives-values 17 org.kanger.Mind.query 7
STACK_INCLUSIVE natives-values 17 org.kanger.Mind.queryCheckFalse 2
STACK_INCLUSIVE natives-values 17 org.kanger.Mind.queryCheckTrue 5
STACK_INCLUSIVE natives-values 17 org.kanger.TValueBaselineBenchmarkRunner.bench 7
STACK_INCLUSIVE natives-values 17 org.kanger.TValueBaselineBenchmarkRunner.main 7
STACK_INCLUSIVE natives-values 17 org.kanger.TValueBaselineBenchmarkRunner.run 7
STACK_INCLUSIVE natives-values 17 org.kanger.compiler.Compiller.compileLine 1
STACK_INCLUSIVE natives-values 17 org.kanger.factory.DictionaryFactory.add 1
STACK_INCLUSIVE natives-values 17 org.kanger.factory.FValueFactory.release 1
STACK_INCLUSIVE natives-values 17 org.kanger.factory.RuleFactory.find 1
STACK_INCLUSIVE natives-values 17 org.kanger.factory.TValueFactory.forEach 3
STACK_INCLUSIVE natives-values 17 org.kanger.primitives.TVariableSet.hashCode 1
STACK_INCLUSIVE natives-values 17 org.kanger.units.Domain.isStored 1
STACK_LEAF natives-values 17 java.util.HashMap$HashIterator.<init> 1
STACK_LEAF natives-values 17 java.util.concurrent.CopyOnWriteArraySet.addAll 1
STACK_LEAF natives-values 17 org.kanger.Linker.addOppositeNatives 1
STACK_LEAF natives-values 17 org.kanger.Linker.linkDatabase 1
STACK_LEAF natives-values 17 org.kanger.Linker.markExcluded 1
STACK_LEAF natives-values 17 org.kanger.factory.DictionaryFactory.add 1
STACK_LEAF natives-values 17 org.kanger.primitives.TVariableSet.hashCode 1
natives-values,17,55254259,68445457,1,14282,3251,1e32a669397194dffa52431a1d005bf88c0f8e9ef36b6d66cf4bd75abf9f6c3b
STACK_TOTAL natives-values 18 7
STACK_INCLUSIVE natives-values 18 org.kanger.Linker$3.run 2
STACK_INCLUSIVE natives-values 18 org.kanger.Linker$4.run 4
STACK_INCLUSIVE natives-values 18 org.kanger.Linker.access$3 2
STACK_INCLUSIVE natives-values 18 org.kanger.Linker.access$4 2
STACK_INCLUSIVE natives-values 18 org.kanger.Linker.access$5 4
STACK_INCLUSIVE natives-values 18 org.kanger.Linker.checkSystem 1
STACK_INCLUSIVE natives-values 18 org.kanger.Linker.isValidFor 2
STACK_INCLUSIVE natives-values 18 org.kanger.Linker.link 5
STACK_INCLUSIVE natives-values 18 org.kanger.Linker.linkDatabase 2
STACK_INCLUSIVE natives-values 18 org.kanger.Linker.rotateVariables 4
STACK_INCLUSIVE natives-values 18 org.kanger.Linker.rotator 4
STACK_INCLUSIVE natives-values 18 org.kanger.Linker.synchronizeSolveIndex 1
STACK_INCLUSIVE natives-values 18 org.kanger.Mind.<init> 2
STACK_INCLUSIVE natives-values 18 org.kanger.Mind.compileLine 1
STACK_INCLUSIVE natives-values 18 org.kanger.Mind.init 2
STACK_INCLUSIVE natives-values 18 org.kanger.Mind.link 5
STACK_INCLUSIVE natives-values 18 org.kanger.Mind.query 7
STACK_INCLUSIVE natives-values 18 org.kanger.Mind.queryCheckFalse 2
STACK_INCLUSIVE natives-values 18 org.kanger.Mind.queryCheckTrue 5
STACK_INCLUSIVE natives-values 18 org.kanger.TValueBaselineBenchmarkRunner.bench 7
STACK_INCLUSIVE natives-values 18 org.kanger.TValueBaselineBenchmarkRunner.main 7
STACK_INCLUSIVE natives-values 18 org.kanger.TValueBaselineBenchmarkRunner.run 7
STACK_INCLUSIVE natives-values 18 org.kanger.TechnicalMindTransaction.<init> 2
STACK_INCLUSIVE natives-values 18 org.kanger.TechnicalMindTransaction.begin 2
STACK_INCLUSIVE natives-values 18 org.kanger.User.getProperty 1
STACK_INCLUSIVE natives-values 18 org.kanger.calculator.Calculator.<init> 1
STACK_INCLUSIVE natives-values 18 org.kanger.calculator.Functions$1$42.<init> 1
STACK_INCLUSIVE natives-values 18 org.kanger.calculator.Functions$1.<init> 1
STACK_INCLUSIVE natives-values 18 org.kanger.calculator.Functions.<init> 1
STACK_INCLUSIVE natives-values 18 org.kanger.factory.TValueFactory.forEach 4
STACK_INCLUSIVE natives-values 18 org.kanger.primitives.ArgumentsList.equalsBase 1
STACK_INCLUSIVE natives-values 18 org.kanger.primitives.TVariableSet.hashCode 1
STACK_INCLUSIVE natives-values 18 org.kanger.units.Domain.isExcluded 1
STACK_LEAF natives-values 18 java.util.TimSort.ensureCapacity 1
STACK_LEAF natives-values 18 org.kanger.Linker.checkSystem 1
STACK_LEAF natives-values 18 org.kanger.Linker.isValidFor 1
STACK_LEAF natives-values 18 org.kanger.User.getProperty 1
STACK_LEAF natives-values 18 org.kanger.calculator.Functions$1$42.<init> 1
STACK_LEAF natives-values 18 org.kanger.primitives.ArgumentsList.equalsBase 1
STACK_LEAF natives-values 18 org.kanger.primitives.TVariableSet.hashCode 1
natives-values,18,53168510,68605624,1,14282,3251,1e32a669397194dffa52431a1d005bf88c0f8e9ef36b6d66cf4bd75abf9f6c3b
STACK_TOTAL natives-values 19 7
STACK_INCLUSIVE natives-values 19 org.kanger.Linker$3.run 4
STACK_INCLUSIVE natives-values 19 org.kanger.Linker$4.run 3
STACK_INCLUSIVE natives-values 19 org.kanger.Linker.access$1 2
STACK_INCLUSIVE natives-values 19 org.kanger.Linker.access$2 1
STACK_INCLUSIVE natives-values 19 org.kanger.Linker.access$3 1
STACK_INCLUSIVE natives-values 19 org.kanger.Linker.access$4 2
STACK_INCLUSIVE natives-values 19 org.kanger.Linker.access$5 2
STACK_INCLUSIVE natives-values 19 org.kanger.Linker.isValidFor 2
STACK_INCLUSIVE natives-values 19 org.kanger.Linker.link 6
STACK_INCLUSIVE natives-values 19 org.kanger.Linker.linkDatabase 1
STACK_INCLUSIVE natives-values 19 org.kanger.Linker.linkDomains 1
STACK_INCLUSIVE natives-values 19 org.kanger.Linker.rotateVariables 6
STACK_INCLUSIVE natives-values 19 org.kanger.Linker.rotator 6
STACK_INCLUSIVE natives-values 19 org.kanger.Linker.selectDomainCandidates 2
STACK_INCLUSIVE natives-values 19 org.kanger.Linker.synchronizeSolveIndex 2
STACK_INCLUSIVE natives-values 19 org.kanger.Mind.compileLine 1
STACK_INCLUSIVE natives-values 19 org.kanger.Mind.isUnitDeleted 1
STACK_INCLUSIVE natives-values 19 org.kanger.Mind.link 6
STACK_INCLUSIVE natives-values 19 org.kanger.Mind.query 7
STACK_INCLUSIVE natives-values 19 org.kanger.Mind.queryCheckFalse 2
STACK_INCLUSIVE natives-values 19 org.kanger.Mind.queryCheckTrue 5
STACK_INCLUSIVE natives-values 19 org.kanger.TValueBaselineBenchmarkRunner.bench 7
STACK_INCLUSIVE natives-values 19 org.kanger.TValueBaselineBenchmarkRunner.main 7
STACK_INCLUSIVE natives-values 19 org.kanger.TValueBaselineBenchmarkRunner.run 7
STACK_INCLUSIVE natives-values 19 org.kanger.compiler.Compiller.compileLine 1
STACK_INCLUSIVE natives-values 19 org.kanger.compiler.Compiller.compilePredicate 1
STACK_INCLUSIVE natives-values 19 org.kanger.compiler.Compiller.construct 1
STACK_INCLUSIVE natives-values 19 org.kanger.factory.DomainFactory.add 1
STACK_INCLUSIVE natives-values 19 org.kanger.factory.DomainFactory.find 1
STACK_INCLUSIVE natives-values 19 org.kanger.factory.RuleCandidateIndex.collectResolvedLocal 1
STACK_INCLUSIVE natives-values 19 org.kanger.factory.RuleFactory.collectResolvedCandidateIds 1
STACK_INCLUSIVE natives-values 19 org.kanger.factory.RuleFactory.findByResolvedDomain 2
STACK_INCLUSIVE natives-values 19 org.kanger.factory.RuleFactory.get 1
STACK_INCLUSIVE natives-values 19 org.kanger.factory.RuleFactory.getRaw 1
STACK_INCLUSIVE natives-values 19 org.kanger.factory.TValueFactory.forEach 3
STACK_INCLUSIVE natives-values 19 org.kanger.primitives.Argument.isDeleted 1
STACK_INCLUSIVE natives-values 19 org.kanger.primitives.Argument.isEmpty 1
STACK_INCLUSIVE natives-values 19 org.kanger.primitives.ArgumentsList.convertBase 1
STACK_INCLUSIVE natives-values 19 org.kanger.primitives.ArgumentsList.equalsBase 1
STACK_INCLUSIVE natives-values 19 org.kanger.primitives.ArgumentsList.getTVariables 1
STACK_INCLUSIVE natives-values 19 org.kanger.primitives.TVariableSet.hashCode 1
STACK_INCLUSIVE natives-values 19 org.kanger.storage.Escalera.ensureIndex 1
STACK_INCLUSIVE natives-values 19 org.kanger.storage.Escalera.find 1
STACK_INCLUSIVE natives-values 19 org.kanger.storage.Escalera.get 1
STACK_INCLUSIVE natives-values 19 org.kanger.storage.Escalera.indexStep 1
STACK_INCLUSIVE natives-values 19 org.kanger.storage.Step.getData 1
STACK_INCLUSIVE natives-values 19 org.kanger.units.CachedDomain.setMind 1
STACK_INCLUSIVE natives-values 19 org.kanger.units.Domain.isExcluded 1
STACK_INCLUSIVE natives-values 19 org.kanger.units.Domain.setMind 1
STACK_INCLUSIVE natives-values 19 org.kanger.units.Domain.setUsed 1
STACK_INCLUSIVE natives-values 19 org.kanger.units.Rule.setMind 1
STACK_INCLUSIVE natives-values 19 org.kanger.units.TVariable.isDeleted 1
STACK_LEAF natives-values 19 java.util.HashMap.getNode 1
STACK_LEAF natives-values 19 java.util.HashMap.putVal 2
STACK_LEAF natives-values 19 org.kanger.Mind.isUnitDeleted 1
STACK_LEAF natives-values 19 org.kanger.primitives.Argument.isEmpty 1
STACK_LEAF natives-values 19 org.kanger.primitives.ArgumentsList.convertBase 1
STACK_LEAF natives-values 19 org.kanger.primitives.TVariableSet.hashCode 1
natives-values,19,47256984,65838676,1,14282,3251,1e32a669397194dffa52431a1d005bf88c0f8e9ef36b6d66cf4bd75abf9f6c3b
STACK_TOTAL singleton-values 0 2
STACK_INCLUSIVE singleton-values 0 org.kanger.Linker$3.run 1
STACK_INCLUSIVE singleton-values 0 org.kanger.Linker.access$1 1
STACK_INCLUSIVE singleton-values 0 org.kanger.Linker.link 1
STACK_INCLUSIVE singleton-values 0 org.kanger.Linker.rotateVariables 1
STACK_INCLUSIVE singleton-values 0 org.kanger.Linker.rotator 1
STACK_INCLUSIVE singleton-values 0 org.kanger.Linker.selectDomainCandidates 1
STACK_INCLUSIVE singleton-values 0 org.kanger.Mind.<init> 1
STACK_INCLUSIVE singleton-values 0 org.kanger.Mind.compileLine 1
STACK_INCLUSIVE singleton-values 0 org.kanger.Mind.init 1
STACK_INCLUSIVE singleton-values 0 org.kanger.Mind.link 1
STACK_INCLUSIVE singleton-values 0 org.kanger.Mind.query 2
STACK_INCLUSIVE singleton-values 0 org.kanger.Mind.queryCheckFalse 1
STACK_INCLUSIVE singleton-values 0 org.kanger.Mind.queryCheckTrue 1
STACK_INCLUSIVE singleton-values 0 org.kanger.TValueBaselineBenchmarkRunner.bench 2
STACK_INCLUSIVE singleton-values 0 org.kanger.TValueBaselineBenchmarkRunner.main 2
STACK_INCLUSIVE singleton-values 0 org.kanger.TValueBaselineBenchmarkRunner.run 2
STACK_INCLUSIVE singleton-values 0 org.kanger.TechnicalMindTransaction.<init> 1
STACK_INCLUSIVE singleton-values 0 org.kanger.TechnicalMindTransaction.begin 1
STACK_INCLUSIVE singleton-values 0 org.kanger.factory.DomainFactory.<init> 1
STACK_INCLUSIVE singleton-values 0 org.kanger.factory.RuleCandidateIndex$IdIndex.get 1
STACK_INCLUSIVE singleton-values 0 org.kanger.factory.RuleCandidateIndex.collectResolvedLocal 1
STACK_INCLUSIVE singleton-values 0 org.kanger.factory.RuleFactory.collectResolvedCandidateIds 1
STACK_INCLUSIVE singleton-values 0 org.kanger.factory.RuleFactory.findByResolvedDomain 1
STACK_LEAF singleton-values 0 java.util.AbstractCollection.addAll 1
STACK_LEAF singleton-values 0 org.kanger.factory.DomainFactory.<init> 1
singleton-values,0,11266337,19347406,100,800,800,ce6a9724152e44e292c9442693ac84ed28a7e24718df94f1347f0e58df82af49
STACK_TOTAL singleton-values 1 2
STACK_INCLUSIVE singleton-values 1 org.kanger.Analyzer.analyze 1
STACK_INCLUSIVE singleton-values 1 org.kanger.Analyzer.checkDatabase 1
STACK_INCLUSIVE singleton-values 1 org.kanger.Analyzer.checkRight 1
STACK_INCLUSIVE singleton-values 1 org.kanger.Linker$3.run 1
STACK_INCLUSIVE singleton-values 1 org.kanger.Linker.access$1 1
STACK_INCLUSIVE singleton-values 1 org.kanger.Linker.link 1
STACK_INCLUSIVE singleton-values 1 org.kanger.Linker.rotateVariables 1
STACK_INCLUSIVE singleton-values 1 org.kanger.Linker.rotator 1
STACK_INCLUSIVE singleton-values 1 org.kanger.Linker.selectDomainCandidates 1
STACK_INCLUSIVE singleton-values 1 org.kanger.Mind.analyze 1
STACK_INCLUSIVE singleton-values 1 org.kanger.Mind.link 1
STACK_INCLUSIVE singleton-values 1 org.kanger.Mind.query 2
STACK_INCLUSIVE singleton-values 1 org.kanger.Mind.queryCheckFalse 1
STACK_INCLUSIVE singleton-values 1 org.kanger.Mind.queryCheckTrue 1
STACK_INCLUSIVE singleton-values 1 org.kanger.TValueBaselineBenchmarkRunner.bench 2
STACK_INCLUSIVE singleton-values 1 org.kanger.TValueBaselineBenchmarkRunner.main 2
STACK_INCLUSIVE singleton-values 1 org.kanger.TValueBaselineBenchmarkRunner.run 2
STACK_INCLUSIVE singleton-values 1 org.kanger.factory.RuleCandidateIndex.collectResolvedLocal 1
STACK_INCLUSIVE singleton-values 1 org.kanger.factory.RuleFactory.collectResolvedCandidateIds 1
STACK_INCLUSIVE singleton-values 1 org.kanger.factory.RuleFactory.findByResolvedDomain 1
STACK_LEAF singleton-values 1 java.util.HashMap.hash 1
STACK_LEAF singleton-values 1 org.kanger.Analyzer.checkRight 1
singleton-values,1,12453380,16958347,100,800,800,ce6a9724152e44e292c9442693ac84ed28a7e24718df94f1347f0e58df82af49
STACK_TOTAL singleton-values 2 2
STACK_INCLUSIVE singleton-values 2 org.kanger.Linker$3.run 1
STACK_INCLUSIVE singleton-values 2 org.kanger.Linker.access$1 1
STACK_INCLUSIVE singleton-values 2 org.kanger.Linker.link 1
STACK_INCLUSIVE singleton-values 2 org.kanger.Linker.rotateVariables 1
STACK_INCLUSIVE singleton-values 2 org.kanger.Linker.rotator 1
STACK_INCLUSIVE singleton-values 2 org.kanger.Linker.selectDomainCandidates 1
STACK_INCLUSIVE singleton-values 2 org.kanger.Mind.compileLine 1
STACK_INCLUSIVE singleton-values 2 org.kanger.Mind.link 1
STACK_INCLUSIVE singleton-values 2 org.kanger.Mind.query 2
STACK_INCLUSIVE singleton-values 2 org.kanger.Mind.queryCheckFalse 1
STACK_INCLUSIVE singleton-values 2 org.kanger.Mind.queryCheckTrue 1
STACK_INCLUSIVE singleton-values 2 org.kanger.TValueBaselineBenchmarkRunner.bench 2
STACK_INCLUSIVE singleton-values 2 org.kanger.TValueBaselineBenchmarkRunner.main 2
STACK_INCLUSIVE singleton-values 2 org.kanger.TValueBaselineBenchmarkRunner.run 2
STACK_INCLUSIVE singleton-values 2 org.kanger.compiler.Compiller.compileLine 1
STACK_INCLUSIVE singleton-values 2 org.kanger.compiler.Compiller.compileQuainter 1
STACK_INCLUSIVE singleton-values 2 org.kanger.compiler.Compiller.construct 1
STACK_INCLUSIVE singleton-values 2 org.kanger.enums.Tools.parseDate 1
STACK_INCLUSIVE singleton-values 2 org.kanger.factory.DictionaryFactory.add 1
STACK_INCLUSIVE singleton-values 2 org.kanger.factory.RuleCandidateIndex$IdIndex.get 1
STACK_INCLUSIVE singleton-values 2 org.kanger.factory.RuleCandidateIndex.collectResolvedLocal 1
STACK_INCLUSIVE singleton-values 2 org.kanger.factory.RuleFactory.collectResolvedCandidateIds 1
STACK_INCLUSIVE singleton-values 2 org.kanger.factory.RuleFactory.findByResolvedDomain 1
STACK_INCLUSIVE singleton-values 2 org.kanger.units.Term.<init> 1
STACK_INCLUSIVE singleton-values 2 org.kanger.units.Term.construct 1
STACK_LEAF singleton-values 2 java.lang.Throwable.fillInStackTrace 1
STACK_LEAF singleton-values 2 java.util.HashMap.hash 1
singleton-values,2,13138350,16228337,100,800,800,ce6a9724152e44e292c9442693ac84ed28a7e24718df94f1347f0e58df82af49
STACK_TOTAL singleton-values 3 2
STACK_INCLUSIVE singleton-values 3 org.kanger.Linker$3.run 1
STACK_INCLUSIVE singleton-values 3 org.kanger.Linker.access$2 1
STACK_INCLUSIVE singleton-values 3 org.kanger.Linker.link 1
STACK_INCLUSIVE singleton-values 3 org.kanger.Linker.linkDomains 1
STACK_INCLUSIVE singleton-values 3 org.kanger.Linker.markExcluded 1
STACK_INCLUSIVE singleton-values 3 org.kanger.Linker.rotateVariables 1
STACK_INCLUSIVE singleton-values 3 org.kanger.Linker.rotator 1
STACK_INCLUSIVE singleton-values 3 org.kanger.Mind.compileLine 1
STACK_INCLUSIVE singleton-values 3 org.kanger.Mind.link 1
STACK_INCLUSIVE singleton-values 3 org.kanger.Mind.query 2
STACK_INCLUSIVE singleton-values 3 org.kanger.Mind.queryCheckFalse 1
STACK_INCLUSIVE singleton-values 3 org.kanger.Mind.queryCheckTrue 1
STACK_INCLUSIVE singleton-values 3 org.kanger.TValueBaselineBenchmarkRunner.bench 2
STACK_INCLUSIVE singleton-values 3 org.kanger.TValueBaselineBenchmarkRunner.main 2
STACK_INCLUSIVE singleton-values 3 org.kanger.TValueBaselineBenchmarkRunner.run 2
STACK_INCLUSIVE singleton-values 3 org.kanger.compiler.Compiller.compileLine 1
STACK_INCLUSIVE singleton-values 3 org.kanger.compiler.Compiller.compileQuainter 1
STACK_INCLUSIVE singleton-values 3 org.kanger.compiler.Compiller.construct 1
STACK_INCLUSIVE singleton-values 3 org.kanger.factory.DictionaryFactory.add 1
STACK_INCLUSIVE singleton-values 3 org.kanger.factory.DictionaryFactory.createCVar 1
STACK_INCLUSIVE singleton-values 3 org.kanger.storage.Escalera.add 1
STACK_INCLUSIVE singleton-values 3 org.kanger.storage.Escalera.indexStep 1
STACK_INCLUSIVE singleton-values 3 org.kanger.units.Domain.isExcluded 1
STACK_INCLUSIVE singleton-values 3 org.kanger.units.Domain.setExcluded 1
STACK_LEAF singleton-values 3 java.util.HashMap$HashIterator.nextNode 1
STACK_LEAF singleton-values 3 java.util.HashMap.putVal 1
singleton-values,3,11322470,15954851,100,800,800,ce6a9724152e44e292c9442693ac84ed28a7e24718df94f1347f0e58df82af49
STACK_TOTAL singleton-values 4 2
STACK_INCLUSIVE singleton-values 4 org.kanger.Analyzer.analyze 1
STACK_INCLUSIVE singleton-values 4 org.kanger.Analyzer.checkDatabase 1
STACK_INCLUSIVE singleton-values 4 org.kanger.Analyzer.checkRight 1
STACK_INCLUSIVE singleton-values 4 org.kanger.Linker$3.run 1
STACK_INCLUSIVE singleton-values 4 org.kanger.Linker.access$1 1
STACK_INCLUSIVE singleton-values 4 org.kanger.Linker.link 1
STACK_INCLUSIVE singleton-values 4 org.kanger.Linker.rotateVariables 1
STACK_INCLUSIVE singleton-values 4 org.kanger.Linker.rotator 1
STACK_INCLUSIVE singleton-values 4 org.kanger.Linker.selectDomainCandidates 1
STACK_INCLUSIVE singleton-values 4 org.kanger.Mind.analyze 1
STACK_INCLUSIVE singleton-values 4 org.kanger.Mind.link 1
STACK_INCLUSIVE singleton-values 4 org.kanger.Mind.query 2
STACK_INCLUSIVE singleton-values 4 org.kanger.Mind.queryCheckFalse 1
STACK_INCLUSIVE singleton-values 4 org.kanger.Mind.queryCheckTrue 1
STACK_INCLUSIVE singleton-values 4 org.kanger.TValueBaselineBenchmarkRunner.bench 2
STACK_INCLUSIVE singleton-values 4 org.kanger.TValueBaselineBenchmarkRunner.main 2
STACK_INCLUSIVE singleton-values 4 org.kanger.TValueBaselineBenchmarkRunner.run 2
STACK_INCLUSIVE singleton-values 4 org.kanger.factory.RuleFactory.findByResolvedDomain 1
STACK_INCLUSIVE singleton-values 4 org.kanger.factory.RuleFactory.get 1
STACK_INCLUSIVE singleton-values 4 org.kanger.factory.RuleFactory.getRaw 1
STACK_INCLUSIVE singleton-values 4 org.kanger.storage.Escalera.get 1
STACK_INCLUSIVE singleton-values 4 org.kanger.storage.Step.getData 1
STACK_INCLUSIVE singleton-values 4 org.kanger.units.Rule.setMind 1
STACK_LEAF singleton-values 4 org.kanger.Analyzer.checkRight 1
STACK_LEAF singleton-values 4 org.kanger.units.Rule.setMind 1
singleton-values,4,10224564,16724491,100,800,800,ce6a9724152e44e292c9442693ac84ed28a7e24718df94f1347f0e58df82af49
STACK_TOTAL singleton-values 5 2
STACK_INCLUSIVE singleton-values 5 org.kanger.Linker$3.run 1
STACK_INCLUSIVE singleton-values 5 org.kanger.Linker.access$1 1
STACK_INCLUSIVE singleton-values 5 org.kanger.Linker.link 1
STACK_INCLUSIVE singleton-values 5 org.kanger.Linker.rotateVariables 1
STACK_INCLUSIVE singleton-values 5 org.kanger.Linker.rotator 1
STACK_INCLUSIVE singleton-values 5 org.kanger.Linker.selectDomainCandidates 1
STACK_INCLUSIVE singleton-values 5 org.kanger.Mind.compileLine 1
STACK_INCLUSIVE singleton-values 5 org.kanger.Mind.link 1
STACK_INCLUSIVE singleton-values 5 org.kanger.Mind.query 2
STACK_INCLUSIVE singleton-values 5 org.kanger.Mind.queryCheckFalse 1
STACK_INCLUSIVE singleton-values 5 org.kanger.Mind.queryCheckTrue 1
STACK_INCLUSIVE singleton-values 5 org.kanger.TValueBaselineBenchmarkRunner.bench 2
STACK_INCLUSIVE singleton-values 5 org.kanger.TValueBaselineBenchmarkRunner.main 2
STACK_INCLUSIVE singleton-values 5 org.kanger.TValueBaselineBenchmarkRunner.run 2
STACK_INCLUSIVE singleton-values 5 org.kanger.compiler.Compiller.compileLine 1
STACK_INCLUSIVE singleton-values 5 org.kanger.factory.RuleCandidateIndex.collectResolvedLocal 1
STACK_INCLUSIVE singleton-values 5 org.kanger.factory.RuleFactory.add 1
STACK_INCLUSIVE singleton-values 5 org.kanger.factory.RuleFactory.collectResolvedCandidateIds 1
STACK_INCLUSIVE singleton-values 5 org.kanger.factory.RuleFactory.find 1
STACK_INCLUSIVE singleton-values 5 org.kanger.factory.RuleFactory.findByResolvedDomain 1
STACK_INCLUSIVE singleton-values 5 org.kanger.storage.Escalera.ensureIndex 1
STACK_INCLUSIVE singleton-values 5 org.kanger.storage.Escalera.find 1
STACK_LEAF singleton-values 5 java.util.HashMap.remove 1
STACK_LEAF singleton-values 5 java.util.HashMap.resize 1
singleton-values,5,10564327,16447070,100,800,800,ce6a9724152e44e292c9442693ac84ed28a7e24718df94f1347f0e58df82af49
STACK_TOTAL singleton-values 6 2
STACK_INCLUSIVE singleton-values 6 org.kanger.Linker$3.run 1
STACK_INCLUSIVE singleton-values 6 org.kanger.Linker.access$1 1
STACK_INCLUSIVE singleton-values 6 org.kanger.Linker.link 1
STACK_INCLUSIVE singleton-values 6 org.kanger.Linker.rotateVariables 1
STACK_INCLUSIVE singleton-values 6 org.kanger.Linker.rotator 1
STACK_INCLUSIVE singleton-values 6 org.kanger.Linker.selectDomainCandidates 1
STACK_INCLUSIVE singleton-values 6 org.kanger.Mind.compileLine 1
STACK_INCLUSIVE singleton-values 6 org.kanger.Mind.link 1
STACK_INCLUSIVE singleton-values 6 org.kanger.Mind.query 2
STACK_INCLUSIVE singleton-values 6 org.kanger.Mind.queryCheckFalse 1
STACK_INCLUSIVE singleton-values 6 org.kanger.Mind.queryCheckTrue 1
STACK_INCLUSIVE singleton-values 6 org.kanger.TValueBaselineBenchmarkRunner.bench 2
STACK_INCLUSIVE singleton-values 6 org.kanger.TValueBaselineBenchmarkRunner.main 2
STACK_INCLUSIVE singleton-values 6 org.kanger.TValueBaselineBenchmarkRunner.run 2
STACK_INCLUSIVE singleton-values 6 org.kanger.compiler.Compiller.compileLine 1
STACK_INCLUSIVE singleton-values 6 org.kanger.enums.Tools.parseDate 1
STACK_INCLUSIVE singleton-values 6 org.kanger.factory.DictionaryFactory.add 1
STACK_INCLUSIVE singleton-values 6 org.kanger.factory.DictionaryFactory.find 1
STACK_INCLUSIVE singleton-values 6 org.kanger.factory.RuleCandidateIndex$IdIndex.get 1
STACK_INCLUSIVE singleton-values 6 org.kanger.factory.RuleCandidateIndex.collectResolvedLocal 1
STACK_INCLUSIVE singleton-values 6 org.kanger.factory.RuleFactory.collectResolvedCandidateIds 1
STACK_INCLUSIVE singleton-values 6 org.kanger.factory.RuleFactory.findByResolvedDomain 1
STACK_INCLUSIVE singleton-values 6 org.kanger.units.Term.<init> 1
STACK_INCLUSIVE singleton-values 6 org.kanger.units.Term.construct 1
STACK_LEAF singleton-values 6 java.lang.Throwable.fillInStackTrace 1
STACK_LEAF singleton-values 6 java.util.AbstractCollection.addAll 1
singleton-values,6,12065470,17253285,100,800,800,ce6a9724152e44e292c9442693ac84ed28a7e24718df94f1347f0e58df82af49
STACK_TOTAL singleton-values 7 3
STACK_INCLUSIVE singleton-values 7 org.kanger.Analyzer.analyze 1
STACK_INCLUSIVE singleton-values 7 org.kanger.Analyzer.candidatesFor 1
STACK_INCLUSIVE singleton-values 7 org.kanger.Analyzer.checkDatabase 1
STACK_INCLUSIVE singleton-values 7 org.kanger.Analyzer.checkRight 1
STACK_INCLUSIVE singleton-values 7 org.kanger.Linker.link 1
STACK_INCLUSIVE singleton-values 7 org.kanger.Linker.rotator 1
STACK_INCLUSIVE singleton-values 7 org.kanger.Linker.updateDatabase 1
STACK_INCLUSIVE singleton-values 7 org.kanger.Mind.analyze 1
STACK_INCLUSIVE singleton-values 7 org.kanger.Mind.compileLine 1
STACK_INCLUSIVE singleton-values 7 org.kanger.Mind.link 1
STACK_INCLUSIVE singleton-values 7 org.kanger.Mind.query 3
STACK_INCLUSIVE singleton-values 7 org.kanger.Mind.queryCheckFalse 1
STACK_INCLUSIVE singleton-values 7 org.kanger.Mind.queryCheckTrue 2
STACK_INCLUSIVE singleton-values 7 org.kanger.TValueBaselineBenchmarkRunner.bench 3
STACK_INCLUSIVE singleton-values 7 org.kanger.TValueBaselineBenchmarkRunner.main 3
STACK_INCLUSIVE singleton-values 7 org.kanger.TValueBaselineBenchmarkRunner.run 3
STACK_INCLUSIVE singleton-values 7 org.kanger.compiler.Compiller.compileLine 1
STACK_INCLUSIVE singleton-values 7 org.kanger.compiler.Compiller.compilePredicate 1
STACK_INCLUSIVE singleton-values 7 org.kanger.compiler.Compiller.construct 1
STACK_INCLUSIVE singleton-values 7 org.kanger.factory.DictionaryFactory.add 1
STACK_INCLUSIVE singleton-values 7 org.kanger.factory.DomainFactory.add 1
STACK_INCLUSIVE singleton-values 7 org.kanger.factory.DomainFactory.find 1
STACK_INCLUSIVE singleton-values 7 org.kanger.factory.RuleFactory.add 1
STACK_INCLUSIVE singleton-values 7 org.kanger.factory.RuleFactory.collectDomainIds 1
STACK_INCLUSIVE singleton-values 7 org.kanger.factory.RuleFactory.findByDomain 1
STACK_INCLUSIVE singleton-values 7 org.kanger.storage.Escalera.add 1
STACK_INCLUSIVE singleton-values 7 org.kanger.storage.Escalera.ensureIndex 1
STACK_INCLUSIVE singleton-values 7 org.kanger.storage.Escalera.find 1
STACK_INCLUSIVE singleton-values 7 org.kanger.storage.Escalera.indexStep 1
STACK_INCLUSIVE singleton-values 7 org.kanger.units.Domain.createStored 1
STACK_LEAF singleton-values 7 java.util.AbstractCollection.addAll 1
STACK_LEAF singleton-values 7 java.util.HashMap.putVal 1
STACK_LEAF singleton-values 7 org.kanger.storage.Escalera.add 1
singleton-values,7,10741660,24408548,100,800,800,ce6a9724152e44e292c9442693ac84ed28a7e24718df94f1347f0e58df82af49
STACK_TOTAL singleton-values 8 2
STACK_INCLUSIVE singleton-values 8 org.kanger.Linker$3.run 1
STACK_INCLUSIVE singleton-values 8 org.kanger.Linker.access$2 1
STACK_INCLUSIVE singleton-values 8 org.kanger.Linker.link 1
STACK_INCLUSIVE singleton-values 8 org.kanger.Linker.linkDomains 1
STACK_INCLUSIVE singleton-values 8 org.kanger.Linker.rotateVariables 1
STACK_INCLUSIVE singleton-values 8 org.kanger.Linker.rotator 1
STACK_INCLUSIVE singleton-values 8 org.kanger.Mind.addTSolve 1
STACK_INCLUSIVE singleton-values 8 org.kanger.Mind.compileLine 1
STACK_INCLUSIVE singleton-values 8 org.kanger.Mind.findTSolve 1
STACK_INCLUSIVE singleton-values 8 org.kanger.Mind.link 1
STACK_INCLUSIVE singleton-values 8 org.kanger.Mind.query 2
STACK_INCLUSIVE singleton-values 8 org.kanger.Mind.queryCheckFalse 1
STACK_INCLUSIVE singleton-values 8 org.kanger.Mind.queryCheckTrue 1
STACK_INCLUSIVE singleton-values 8 org.kanger.TValueBaselineBenchmarkRunner.bench 2
STACK_INCLUSIVE singleton-values 8 org.kanger.TValueBaselineBenchmarkRunner.main 2
STACK_INCLUSIVE singleton-values 8 org.kanger.TValueBaselineBenchmarkRunner.run 2
STACK_INCLUSIVE singleton-values 8 org.kanger.compiler.Compiller.compileLine 1
STACK_INCLUSIVE singleton-values 8 org.kanger.compiler.Compiller.compileQuainter 1
STACK_INCLUSIVE singleton-values 8 org.kanger.compiler.Compiller.construct 1
STACK_INCLUSIVE singleton-values 8 org.kanger.enums.Tools.parseDate 1
STACK_INCLUSIVE singleton-values 8 org.kanger.factory.DictionaryFactory.add 1
STACK_INCLUSIVE singleton-values 8 org.kanger.factory.DictionaryFactory.createCVar 1
STACK_INCLUSIVE singleton-values 8 org.kanger.units.TSolve.equalsTo 1
STACK_INCLUSIVE singleton-values 8 org.kanger.units.Term.<init> 1
STACK_INCLUSIVE singleton-values 8 org.kanger.units.Term.construct 1
STACK_LEAF singleton-values 8 java.lang.Throwable.fillInStackTrace 1
STACK_LEAF singleton-values 8 java.util.ArrayList.indexOfRange 1
singleton-values,8,11230995,17905441,100,800,800,ce6a9724152e44e292c9442693ac84ed28a7e24718df94f1347f0e58df82af49
STACK_TOTAL singleton-values 9 2
STACK_INCLUSIVE singleton-values 9 org.kanger.Linker$3.run 1
STACK_INCLUSIVE singleton-values 9 org.kanger.Linker.access$1 1
STACK_INCLUSIVE singleton-values 9 org.kanger.Linker.link 1
STACK_INCLUSIVE singleton-values 9 org.kanger.Linker.rotateVariables 1
STACK_INCLUSIVE singleton-values 9 org.kanger.Linker.rotator 1
STACK_INCLUSIVE singleton-values 9 org.kanger.Linker.selectDomainCandidates 1
STACK_INCLUSIVE singleton-values 9 org.kanger.Mind.commit 1
STACK_INCLUSIVE singleton-values 9 org.kanger.Mind.compileLine 1
STACK_INCLUSIVE singleton-values 9 org.kanger.Mind.link 1
STACK_INCLUSIVE singleton-values 9 org.kanger.Mind.query 2
STACK_INCLUSIVE singleton-values 9 org.kanger.Mind.queryCheckFalse 1
STACK_INCLUSIVE singleton-values 9 org.kanger.Mind.queryCheckTrue 1
STACK_INCLUSIVE singleton-values 9 org.kanger.PortableMindLayer.capture 1
STACK_INCLUSIVE singleton-values 9 org.kanger.TValueBaselineBenchmarkRunner.bench 2
STACK_INCLUSIVE singleton-values 9 org.kanger.TValueBaselineBenchmarkRunner.main 2
STACK_INCLUSIVE singleton-values 9 org.kanger.TValueBaselineBenchmarkRunner.run 2
STACK_INCLUSIVE singleton-values 9 org.kanger.TechnicalMindTransaction.commit 1
STACK_INCLUSIVE singleton-values 9 org.kanger.factory.RuleCandidateIndex$IdIndex.get 1
STACK_INCLUSIVE singleton-values 9 org.kanger.factory.RuleCandidateIndex.collectResolvedLocal 1
STACK_INCLUSIVE singleton-values 9 org.kanger.factory.RuleFactory$1.next 1
STACK_INCLUSIVE singleton-values 9 org.kanger.factory.RuleFactory.collectResolvedCandidateIds 1
STACK_INCLUSIVE singleton-values 9 org.kanger.factory.RuleFactory.findByResolvedDomain 1
STACK_INCLUSIVE singleton-values 9 org.kanger.primitives.ArgumentsList.getTVariables 1
STACK_INCLUSIVE singleton-values 9 org.kanger.storage.Escalera$WalkIterator.next 1
STACK_INCLUSIVE singleton-values 9 org.kanger.storage.Step.getData 1
STACK_INCLUSIVE singleton-values 9 org.kanger.units.CachedDomain.setMind 1
STACK_INCLUSIVE singleton-values 9 org.kanger.units.Domain.setMind 1
STACK_INCLUSIVE singleton-values 9 org.kanger.units.Rule.setMind 1
STACK_LEAF singleton-values 9 java.util.HashMap.hash 1
STACK_LEAF singleton-values 9 org.kanger.primitives.ArgumentsList.getTVariables 1
singleton-values,9,12580273,19109875,100,800,800,ce6a9724152e44e292c9442693ac84ed28a7e24718df94f1347f0e58df82af49
STACK_TOTAL singleton-values 10 2
STACK_INCLUSIVE singleton-values 10 org.kanger.Linker$3.run 1
STACK_INCLUSIVE singleton-values 10 org.kanger.Linker.access$1 1
STACK_INCLUSIVE singleton-values 10 org.kanger.Linker.link 1
STACK_INCLUSIVE singleton-values 10 org.kanger.Linker.rotateVariables 1
STACK_INCLUSIVE singleton-values 10 org.kanger.Linker.rotator 1
STACK_INCLUSIVE singleton-values 10 org.kanger.Linker.selectDomainCandidates 1
STACK_INCLUSIVE singleton-values 10 org.kanger.Mind.compileLine 1
STACK_INCLUSIVE singleton-values 10 org.kanger.Mind.link 1
STACK_INCLUSIVE singleton-values 10 org.kanger.Mind.query 2
STACK_INCLUSIVE singleton-values 10 org.kanger.Mind.queryCheckFalse 1
STACK_INCLUSIVE singleton-values 10 org.kanger.Mind.queryCheckTrue 1
STACK_INCLUSIVE singleton-values 10 org.kanger.TValueBaselineBenchmarkRunner.bench 2
STACK_INCLUSIVE singleton-values 10 org.kanger.TValueBaselineBenchmarkRunner.main 2
STACK_INCLUSIVE singleton-values 10 org.kanger.TValueBaselineBenchmarkRunner.run 2
STACK_INCLUSIVE singleton-values 10 org.kanger.compiler.Compiller.compileLine 1
STACK_INCLUSIVE singleton-values 10 org.kanger.compiler.Compiller.compilePredicate 1
STACK_INCLUSIVE singleton-values 10 org.kanger.compiler.Compiller.construct 1
STACK_INCLUSIVE singleton-values 10 org.kanger.enums.Tools.parseDate 1
STACK_INCLUSIVE singleton-values 10 org.kanger.factory.DictionaryFactory.add 1
STACK_INCLUSIVE singleton-values 10 org.kanger.factory.DictionaryFactory.find 1
STACK_INCLUSIVE singleton-values 10 org.kanger.factory.RuleCandidateIndex.collectResolvedLocal 1
STACK_INCLUSIVE singleton-values 10 org.kanger.factory.RuleFactory.collectResolvedCandidateIds 1
STACK_INCLUSIVE singleton-values 10 org.kanger.factory.RuleFactory.findByResolvedDomain 1
STACK_INCLUSIVE singleton-values 10 org.kanger.units.Term.<init> 1
STACK_INCLUSIVE singleton-values 10 org.kanger.units.Term.construct 1
STACK_LEAF singleton-values 10 java.lang.AbstractStringBuilder.inflate 1
STACK_LEAF singleton-values 10 java.util.HashMap.hash 1
singleton-values,10,11329480,21840899,100,800,800,ce6a9724152e44e292c9442693ac84ed28a7e24718df94f1347f0e58df82af49
STACK_TOTAL singleton-values 11 2
STACK_INCLUSIVE singleton-values 11 org.kanger.Linker$3.run 1
STACK_INCLUSIVE singleton-values 11 org.kanger.Linker.access$1 1
STACK_INCLUSIVE singleton-values 11 org.kanger.Linker.link 1
STACK_INCLUSIVE singleton-values 11 org.kanger.Linker.rotateVariables 1
STACK_INCLUSIVE singleton-values 11 org.kanger.Linker.rotator 1
STACK_INCLUSIVE singleton-values 11 org.kanger.Linker.selectDomainCandidates 1
STACK_INCLUSIVE singleton-values 11 org.kanger.Mind.commit 1
STACK_INCLUSIVE singleton-values 11 org.kanger.Mind.compileLine 1
STACK_INCLUSIVE singleton-values 11 org.kanger.Mind.link 1
STACK_INCLUSIVE singleton-values 11 org.kanger.Mind.query 2
STACK_INCLUSIVE singleton-values 11 org.kanger.Mind.queryCheckFalse 1
STACK_INCLUSIVE singleton-values 11 org.kanger.Mind.queryCheckTrue 1
STACK_INCLUSIVE singleton-values 11 org.kanger.PortableMindLayer.capture 1
STACK_INCLUSIVE singleton-values 11 org.kanger.TValueBaselineBenchmarkRunner.bench 2
STACK_INCLUSIVE singleton-values 11 org.kanger.TValueBaselineBenchmarkRunner.main 2
STACK_INCLUSIVE singleton-values 11 org.kanger.TValueBaselineBenchmarkRunner.run 2
STACK_INCLUSIVE singleton-values 11 org.kanger.TechnicalMindTransaction.commit 1
STACK_INCLUSIVE singleton-values 11 org.kanger.factory.RuleCandidateIndex.collectResolvedLocal 1
STACK_INCLUSIVE singleton-values 11 org.kanger.factory.RuleFactory.collectResolvedCandidateIds 1
STACK_INCLUSIVE singleton-values 11 org.kanger.factory.RuleFactory.findByResolvedDomain 1
STACK_LEAF singleton-values 11 java.util.HashMap.putVal 1
STACK_LEAF singleton-values 11 org.kanger.PortableMindLayer.capture 1
singleton-values,11,12167281,16943465,100,800,800,ce6a9724152e44e292c9442693ac84ed28a7e24718df94f1347f0e58df82af49
STACK_TOTAL singleton-values 12 2
STACK_INCLUSIVE singleton-values 12 org.kanger.Linker$3.run 1
STACK_INCLUSIVE singleton-values 12 org.kanger.Linker.access$2 1
STACK_INCLUSIVE singleton-values 12 org.kanger.Linker.link 1
STACK_INCLUSIVE singleton-values 12 org.kanger.Linker.linkDomains 1
STACK_INCLUSIVE singleton-values 12 org.kanger.Linker.rotateVariables 1
STACK_INCLUSIVE singleton-values 12 org.kanger.Linker.rotator 1
STACK_INCLUSIVE singleton-values 12 org.kanger.Mind.commit 1
STACK_INCLUSIVE singleton-values 12 org.kanger.Mind.compileLine 1
STACK_INCLUSIVE singleton-values 12 org.kanger.Mind.link 1
STACK_INCLUSIVE singleton-values 12 org.kanger.Mind.query 2
STACK_INCLUSIVE singleton-values 12 org.kanger.Mind.queryCheckFalse 1
STACK_INCLUSIVE singleton-values 12 org.kanger.Mind.queryCheckTrue 1
STACK_INCLUSIVE singleton-values 12 org.kanger.TValueBaselineBenchmarkRunner.bench 2
STACK_INCLUSIVE singleton-values 12 org.kanger.TValueBaselineBenchmarkRunner.main 2
STACK_INCLUSIVE singleton-values 12 org.kanger.TValueBaselineBenchmarkRunner.run 2
STACK_INCLUSIVE singleton-values 12 org.kanger.TechnicalMindTransaction.commit 1
STACK_INCLUSIVE singleton-values 12 org.kanger.factory.DomainFactory.commit 1
STACK_INCLUSIVE singleton-values 12 org.kanger.factory.TValueFactory.find 1
STACK_INCLUSIVE singleton-values 12 org.kanger.factory.TValueFactory.get 1
STACK_INCLUSIVE singleton-values 12 org.kanger.storage.Escalera.get 1
STACK_LEAF singleton-values 12 org.kanger.factory.DomainFactory.commit 1
STACK_LEAF singleton-values 12 org.kanger.storage.Escalera.get 1
singleton-values,12,12348580,17384538,100,800,800,ce6a9724152e44e292c9442693ac84ed28a7e24718df94f1347f0e58df82af49
STACK_TOTAL singleton-values 13 3
STACK_INCLUSIVE singleton-values 13 org.kanger.Analyzer.analyze 1
STACK_INCLUSIVE singleton-values 13 org.kanger.Analyzer.candidatesFor 1
STACK_INCLUSIVE singleton-values 13 org.kanger.Analyzer.checkDatabase 1
STACK_INCLUSIVE singleton-values 13 org.kanger.Analyzer.checkRight 1
STACK_INCLUSIVE singleton-values 13 org.kanger.Linker.link 1
STACK_INCLUSIVE singleton-values 13 org.kanger.Linker.rotator 1
STACK_INCLUSIVE singleton-values 13 org.kanger.Linker.updateDatabase 1
STACK_INCLUSIVE singleton-values 13 org.kanger.Mind.analyze 1
STACK_INCLUSIVE singleton-values 13 org.kanger.Mind.compileLine 1
STACK_INCLUSIVE singleton-values 13 org.kanger.Mind.link 1
STACK_INCLUSIVE singleton-values 13 org.kanger.Mind.query 3
STACK_INCLUSIVE singleton-values 13 org.kanger.Mind.queryCheckFalse 1
STACK_INCLUSIVE singleton-values 13 org.kanger.Mind.queryCheckTrue 2
STACK_INCLUSIVE singleton-values 13 org.kanger.TValueBaselineBenchmarkRunner.bench 3
STACK_INCLUSIVE singleton-values 13 org.kanger.TValueBaselineBenchmarkRunner.main 3
STACK_INCLUSIVE singleton-values 13 org.kanger.TValueBaselineBenchmarkRunner.run 3
STACK_INCLUSIVE singleton-values 13 org.kanger.compiler.Compiller.compileLine 1
STACK_INCLUSIVE singleton-values 13 org.kanger.enums.Tools.parseDate 1
STACK_INCLUSIVE singleton-values 13 org.kanger.factory.DictionaryFactory.add 1
STACK_INCLUSIVE singleton-values 13 org.kanger.factory.DomainFactory.add 1
STACK_INCLUSIVE singleton-values 13 org.kanger.factory.RuleFactory.add 1
STACK_INCLUSIVE singleton-values 13 org.kanger.factory.RuleFactory.collectDomainIds 1
STACK_INCLUSIVE singleton-values 13 org.kanger.factory.RuleFactory.findByDomain 1
STACK_INCLUSIVE singleton-values 13 org.kanger.units.Domain.createStored 1
STACK_INCLUSIVE singleton-values 13 org.kanger.units.Term.<init> 1
STACK_INCLUSIVE singleton-values 13 org.kanger.units.Term.construct 1
STACK_LEAF singleton-values 13 java.text.DecimalFormat.subparse 1
STACK_LEAF singleton-values 13 java.util.AbstractCollection.addAll 1
STACK_LEAF singleton-values 13 org.kanger.factory.DomainFactory.add 1
singleton-values,13,13861375,25730145,100,800,800,ce6a9724152e44e292c9442693ac84ed28a7e24718df94f1347f0e58df82af49
STACK_TOTAL singleton-values 14 2
STACK_INCLUSIVE singleton-values 14 org.kanger.Linker$3.run 1
STACK_INCLUSIVE singleton-values 14 org.kanger.Linker$4.run 1
STACK_INCLUSIVE singleton-values 14 org.kanger.Linker.access$1 1
STACK_INCLUSIVE singleton-values 14 org.kanger.Linker.access$5 1
STACK_INCLUSIVE singleton-values 14 org.kanger.Linker.link 1
STACK_INCLUSIVE singleton-values 14 org.kanger.Linker.rotateVariables 1
STACK_INCLUSIVE singleton-values 14 org.kanger.Linker.rotator 1
STACK_INCLUSIVE singleton-values 14 org.kanger.Linker.selectDomainCandidates 1
STACK_INCLUSIVE singleton-values 14 org.kanger.Mind.compileLine 1
STACK_INCLUSIVE singleton-values 14 org.kanger.Mind.link 1
STACK_INCLUSIVE singleton-values 14 org.kanger.Mind.query 2
STACK_INCLUSIVE singleton-values 14 org.kanger.Mind.queryCheckFalse 1
STACK_INCLUSIVE singleton-values 14 org.kanger.Mind.queryCheckTrue 1
STACK_INCLUSIVE singleton-values 14 org.kanger.TValueBaselineBenchmarkRunner.bench 2
STACK_INCLUSIVE singleton-values 14 org.kanger.TValueBaselineBenchmarkRunner.main 2
STACK_INCLUSIVE singleton-values 14 org.kanger.TValueBaselineBenchmarkRunner.run 2
STACK_INCLUSIVE singleton-values 14 org.kanger.compiler.Compiller.compileLine 1
STACK_INCLUSIVE singleton-values 14 org.kanger.compiler.Compiller.compileQuainter 1
STACK_INCLUSIVE singleton-values 14 org.kanger.compiler.Compiller.construct 1
STACK_INCLUSIVE singleton-values 14 org.kanger.enums.Tools.parseDate 1
STACK_INCLUSIVE singleton-values 14 org.kanger.factory.DictionaryFactory.add 1
STACK_INCLUSIVE singleton-values 14 org.kanger.factory.DictionaryFactory.createCVar 1
STACK_INCLUSIVE singleton-values 14 org.kanger.factory.RuleCandidateIndex.collectResolvedLocal 1
STACK_INCLUSIVE singleton-values 14 org.kanger.factory.RuleFactory.collectResolvedCandidateIds 1
STACK_INCLUSIVE singleton-values 14 org.kanger.factory.RuleFactory.findByResolvedDomain 1
STACK_INCLUSIVE singleton-values 14 org.kanger.factory.TValueFactory.forEach 1
STACK_INCLUSIVE singleton-values 14 org.kanger.units.Term.<init> 1
STACK_INCLUSIVE singleton-values 14 org.kanger.units.Term.construct 1
STACK_LEAF singleton-values 14 java.util.LinkedHashMap$LinkedHashIterator.remove 1
STACK_LEAF singleton-values 14 java.util.regex.Pattern.sequence 1
singleton-values,14,11011479,15241084,100,800,800,ce6a9724152e44e292c9442693ac84ed28a7e24718df94f1347f0e58df82af49
STACK_TOTAL singleton-values 15 2
STACK_INCLUSIVE singleton-values 15 org.kanger.Linker$3.run 1
STACK_INCLUSIVE singleton-values 15 org.kanger.Linker$4.run 1
STACK_INCLUSIVE singleton-values 15 org.kanger.Linker.access$3 1
STACK_INCLUSIVE singleton-values 15 org.kanger.Linker.access$5 1
STACK_INCLUSIVE singleton-values 15 org.kanger.Linker.link 1
STACK_INCLUSIVE singleton-values 15 org.kanger.Linker.linkDatabase 1
STACK_INCLUSIVE singleton-values 15 org.kanger.Linker.rotateVariables 1
STACK_INCLUSIVE singleton-values 15 org.kanger.Linker.rotator 1
STACK_INCLUSIVE singleton-values 15 org.kanger.Mind.compileLine 1
STACK_INCLUSIVE singleton-values 15 org.kanger.Mind.link 1
STACK_INCLUSIVE singleton-values 15 org.kanger.Mind.query 2
STACK_INCLUSIVE singleton-values 15 org.kanger.Mind.queryCheckFalse 1
STACK_INCLUSIVE singleton-values 15 org.kanger.Mind.queryCheckTrue 1
STACK_INCLUSIVE singleton-values 15 org.kanger.TValueBaselineBenchmarkRunner.bench 2
STACK_INCLUSIVE singleton-values 15 org.kanger.TValueBaselineBenchmarkRunner.main 2
STACK_INCLUSIVE singleton-values 15 org.kanger.TValueBaselineBenchmarkRunner.run 2
STACK_INCLUSIVE singleton-values 15 org.kanger.compiler.Compiller.compileLine 1
STACK_INCLUSIVE singleton-values 15 org.kanger.factory.RuleFactory.add 1
STACK_INCLUSIVE singleton-values 15 org.kanger.factory.TValueFactory.forEach 1
STACK_INCLUSIVE singleton-values 15 org.kanger.primitives.Argument.isEmpty 1
STACK_INCLUSIVE singleton-values 15 org.kanger.primitives.ArgumentsList.equalsBase 1
STACK_INCLUSIVE singleton-values 15 org.kanger.units.Domain.isExcluded 1
STACK_LEAF singleton-values 15 java.util.HashMap.hash 1
STACK_LEAF singleton-values 15 org.kanger.primitives.Argument.isEmpty 1
singleton-values,15,9580190,16494170,100,800,800,ce6a9724152e44e292c9442693ac84ed28a7e24718df94f1347f0e58df82af49
STACK_TOTAL singleton-values 16 2
STACK_INCLUSIVE singleton-values 16 org.kanger.Linker$3.run 1
STACK_INCLUSIVE singleton-values 16 org.kanger.Linker.access$1 1
STACK_INCLUSIVE singleton-values 16 org.kanger.Linker.link 1
STACK_INCLUSIVE singleton-values 16 org.kanger.Linker.rotateVariables 1
STACK_INCLUSIVE singleton-values 16 org.kanger.Linker.rotator 1
STACK_INCLUSIVE singleton-values 16 org.kanger.Linker.selectDomainCandidates 1
STACK_INCLUSIVE singleton-values 16 org.kanger.Mind.compileLine 1
STACK_INCLUSIVE singleton-values 16 org.kanger.Mind.link 1
STACK_INCLUSIVE singleton-values 16 org.kanger.Mind.query 2
STACK_INCLUSIVE singleton-values 16 org.kanger.Mind.queryCheckFalse 1
STACK_INCLUSIVE singleton-values 16 org.kanger.Mind.queryCheckTrue 1
STACK_INCLUSIVE singleton-values 16 org.kanger.TValueBaselineBenchmarkRunner.bench 2
STACK_INCLUSIVE singleton-values 16 org.kanger.TValueBaselineBenchmarkRunner.main 2
STACK_INCLUSIVE singleton-values 16 org.kanger.TValueBaselineBenchmarkRunner.run 2
STACK_INCLUSIVE singleton-values 16 org.kanger.compiler.Compiller.compileLine 1
STACK_INCLUSIVE singleton-values 16 org.kanger.compiler.Compiller.compileQuainter 1
STACK_INCLUSIVE singleton-values 16 org.kanger.compiler.Compiller.construct 1
STACK_INCLUSIVE singleton-values 16 org.kanger.enums.Tools.parseDate 1
STACK_INCLUSIVE singleton-values 16 org.kanger.factory.DictionaryFactory.add 1
STACK_INCLUSIVE singleton-values 16 org.kanger.factory.DictionaryFactory.createCVar 1
STACK_INCLUSIVE singleton-values 16 org.kanger.factory.RuleCandidateIndex.collectResolvedLocal 1
STACK_INCLUSIVE singleton-values 16 org.kanger.factory.RuleFactory.collectResolvedCandidateIds 1
STACK_INCLUSIVE singleton-values 16 org.kanger.factory.RuleFactory.findByResolvedDomain 1
STACK_INCLUSIVE singleton-values 16 org.kanger.units.Term.<init> 1
STACK_INCLUSIVE singleton-values 16 org.kanger.units.Term.construct 1
STACK_LEAF singleton-values 16 java.lang.Throwable.fillInStackTrace 1
STACK_LEAF singleton-values 16 java.util.HashMap.hash 1
singleton-values,16,9127259,17193786,100,800,800,ce6a9724152e44e292c9442693ac84ed28a7e24718df94f1347f0e58df82af49
STACK_TOTAL singleton-values 17 2
STACK_INCLUSIVE singleton-values 17 org.kanger.Linker$3.run 1
STACK_INCLUSIVE singleton-values 17 org.kanger.Linker$4.run 1
STACK_INCLUSIVE singleton-values 17 org.kanger.Linker.access$2 1
STACK_INCLUSIVE singleton-values 17 org.kanger.Linker.access$5 1
STACK_INCLUSIVE singleton-values 17 org.kanger.Linker.link 1
STACK_INCLUSIVE singleton-values 17 org.kanger.Linker.linkDomains 1
STACK_INCLUSIVE singleton-values 17 org.kanger.Linker.rotateVariables 1
STACK_INCLUSIVE singleton-values 17 org.kanger.Linker.rotator 1
STACK_INCLUSIVE singleton-values 17 org.kanger.Mind.compileLine 1
STACK_INCLUSIVE singleton-values 17 org.kanger.Mind.link 1
STACK_INCLUSIVE singleton-values 17 org.kanger.Mind.query 2
STACK_INCLUSIVE singleton-values 17 org.kanger.Mind.queryCheckFalse 1
STACK_INCLUSIVE singleton-values 17 org.kanger.Mind.queryCheckTrue 1
STACK_INCLUSIVE singleton-values 17 org.kanger.TValueBaselineBenchmarkRunner.bench 2
STACK_INCLUSIVE singleton-values 17 org.kanger.TValueBaselineBenchmarkRunner.main 2
STACK_INCLUSIVE singleton-values 17 org.kanger.TValueBaselineBenchmarkRunner.run 2
STACK_INCLUSIVE singleton-values 17 org.kanger.compiler.Compiller.compileLine 1
STACK_INCLUSIVE singleton-values 17 org.kanger.compiler.Compiller.compilePredicate 1
STACK_INCLUSIVE singleton-values 17 org.kanger.compiler.Compiller.construct 1
STACK_INCLUSIVE singleton-values 17 org.kanger.enums.Tools.parseDate 1
STACK_INCLUSIVE singleton-values 17 org.kanger.factory.DictionaryFactory.add 1
STACK_INCLUSIVE singleton-values 17 org.kanger.factory.DictionaryFactory.find 1
STACK_INCLUSIVE singleton-values 17 org.kanger.factory.TValueFactory.forEach 1
STACK_INCLUSIVE singleton-values 17 org.kanger.units.Term.<init> 1
STACK_INCLUSIVE singleton-values 17 org.kanger.units.Term.construct 1
STACK_LEAF singleton-values 17 java.lang.Throwable.fillInStackTrace 1
STACK_LEAF singleton-values 17 org.kanger.Linker.linkDomains 1
singleton-values,17,10641702,15217649,100,800,800,ce6a9724152e44e292c9442693ac84ed28a7e24718df94f1347f0e58df82af49
STACK_TOTAL singleton-values 18 2
STACK_INCLUSIVE singleton-values 18 org.kanger.Linker$3.run 1
STACK_INCLUSIVE singleton-values 18 org.kanger.Linker.access$2 1
STACK_INCLUSIVE singleton-values 18 org.kanger.Linker.link 1
STACK_INCLUSIVE singleton-values 18 org.kanger.Linker.linkDomains 1
STACK_INCLUSIVE singleton-values 18 org.kanger.Linker.rotateVariables 1
STACK_INCLUSIVE singleton-values 18 org.kanger.Linker.rotator 1
STACK_INCLUSIVE singleton-values 18 org.kanger.Mind.addTSolve 1
STACK_INCLUSIVE singleton-values 18 org.kanger.Mind.compileLine 1
STACK_INCLUSIVE singleton-values 18 org.kanger.Mind.findTSolve 1
STACK_INCLUSIVE singleton-values 18 org.kanger.Mind.link 1
STACK_INCLUSIVE singleton-values 18 org.kanger.Mind.query 2
STACK_INCLUSIVE singleton-values 18 org.kanger.Mind.queryCheckFalse 1
STACK_INCLUSIVE singleton-values 18 org.kanger.Mind.queryCheckTrue 1
STACK_INCLUSIVE singleton-values 18 org.kanger.TValueBaselineBenchmarkRunner.bench 2
STACK_INCLUSIVE singleton-values 18 org.kanger.TValueBaselineBenchmarkRunner.main 2
STACK_INCLUSIVE singleton-values 18 org.kanger.TValueBaselineBenchmarkRunner.run 2
STACK_INCLUSIVE singleton-values 18 org.kanger.compiler.Compiller.compileLine 1
STACK_INCLUSIVE singleton-values 18 org.kanger.compiler.Compiller.compileQuainter 1
STACK_INCLUSIVE singleton-values 18 org.kanger.compiler.Compiller.construct 1
STACK_INCLUSIVE singleton-values 18 org.kanger.enums.Tools.parseDate 1
STACK_INCLUSIVE singleton-values 18 org.kanger.factory.DictionaryFactory.add 1
STACK_INCLUSIVE singleton-values 18 org.kanger.factory.DictionaryFactory.createCVar 1
STACK_INCLUSIVE singleton-values 18 org.kanger.factory.DictionaryFactory.find 1
STACK_INCLUSIVE singleton-values 18 org.kanger.primitives.TVariableSet.equals 1
STACK_INCLUSIVE singleton-values 18 org.kanger.units.Term.<init> 1
STACK_INCLUSIVE singleton-values 18 org.kanger.units.Term.construct 1
STACK_LEAF singleton-values 18 java.lang.Throwable.fillInStackTrace 1
STACK_LEAF singleton-values 18 java.util.AbstractCollection.containsAll 1
singleton-values,18,9694970,16240845,100,800,800,ce6a9724152e44e292c9442693ac84ed28a7e24718df94f1347f0e58df82af49
STACK_TOTAL singleton-values 19 2
STACK_INCLUSIVE singleton-values 19 org.kanger.Linker$3.run 1
STACK_INCLUSIVE singleton-values 19 org.kanger.Linker$4.run 1
STACK_INCLUSIVE singleton-values 19 org.kanger.Linker.access$3 1
STACK_INCLUSIVE singleton-values 19 org.kanger.Linker.access$5 1
STACK_INCLUSIVE singleton-values 19 org.kanger.Linker.link 1
STACK_INCLUSIVE singleton-values 19 org.kanger.Linker.linkDatabase 1
STACK_INCLUSIVE singleton-values 19 org.kanger.Linker.rotateVariables 1
STACK_INCLUSIVE singleton-values 19 org.kanger.Linker.rotator 1
STACK_INCLUSIVE singleton-values 19 org.kanger.Mind.compileLine 1
STACK_INCLUSIVE singleton-values 19 org.kanger.Mind.link 1
STACK_INCLUSIVE singleton-values 19 org.kanger.Mind.query 2
STACK_INCLUSIVE singleton-values 19 org.kanger.Mind.queryCheckFalse 1
STACK_INCLUSIVE singleton-values 19 org.kanger.Mind.queryCheckTrue 1
STACK_INCLUSIVE singleton-values 19 org.kanger.TValueBaselineBenchmarkRunner.bench 2
STACK_INCLUSIVE singleton-values 19 org.kanger.TValueBaselineBenchmarkRunner.main 2
STACK_INCLUSIVE singleton-values 19 org.kanger.TValueBaselineBenchmarkRunner.run 2
STACK_INCLUSIVE singleton-values 19 org.kanger.compiler.Compiller.compileLine 1
STACK_INCLUSIVE singleton-values 19 org.kanger.compiler.Compiller.compilePredicate 1
STACK_INCLUSIVE singleton-values 19 org.kanger.compiler.Compiller.construct 1
STACK_INCLUSIVE singleton-values 19 org.kanger.factory.DomainFactory.add 1
STACK_INCLUSIVE singleton-values 19 org.kanger.factory.DomainFactory.find 1
STACK_INCLUSIVE singleton-values 19 org.kanger.factory.TValueFactory.forEach 1
STACK_INCLUSIVE singleton-values 19 org.kanger.primitives.ArgumentsList.equalsBase 1
STACK_INCLUSIVE singleton-values 19 org.kanger.storage.Escalera.ensureIndex 1
STACK_INCLUSIVE singleton-values 19 org.kanger.storage.Escalera.find 1
STACK_INCLUSIVE singleton-values 19 org.kanger.storage.Escalera.indexStep 1
STACK_INCLUSIVE singleton-values 19 org.kanger.units.Domain.isExcluded 1
STACK_LEAF singleton-values 19 java.util.HashMap.putVal 1
STACK_LEAF singleton-values 19 org.kanger.primitives.ArgumentsList.equalsBase 1
singleton-values,19,8599908,16028952,100,800,800,ce6a9724152e44e292c9442693ac84ed28a7e24718df94f1347f0e58df82af49
