WINDOW	0	7066242415
WINDOW	1	5955200540
WINDOW	2	6033645329
WINDOW	3	6150172858
WINDOW	4	6188833454
WINDOW	5	5883382702
TOTAL	cpu_samples=2027 allocation_samples=6907 sampled_allocation_weight=19627748920 truncated_cpu=0 truncated_alloc=0
CPU_LEAF	399	java.util.HashMap.getNode
CPU_LEAF	210	java.lang.ThreadLocal$ThreadLocalMap.getEntry
CPU_LEAF	197	org.kanger.Mind.isUnitDeleted
CPU_LEAF	146	org.kanger.units.Predicate.getName
CPU_LEAF	74	java.util.HashMap$HashIterator.nextNode
CPU_LEAF	63	org.kanger.storage.Step.getData
CPU_LEAF	61	java.util.HashMap$HashIterator.<init>
CPU_LEAF	57	org.kanger.units.Domain.setMind
CPU_LEAF	48	org.kanger.primitives.Argument.getValue
CPU_LEAF	45	java.util.HashMap.putVal
CPU_LEAF	42	org.kanger.primitives.TVariableSet.hashCode
CPU_LEAF	41	java.lang.Integer.equals
CPU_LEAF	28	java.util.concurrent.ConcurrentHashMap.get
CPU_LEAF	25	org.kanger.units.TVariable.setMind
CPU_LEAF	25	org.kanger.factory.RuleFactory.isPromoted
CPU_LEAF	24	org.kanger.Linker.linkDatabase
CPU_LEAF	19	org.kanger.Linker.linkDomains
CPU_LEAF	19	java.lang.ThreadLocal$ThreadLocalMap.set
CPU_LEAF	18	java.util.ArrayList.indexOfRange
CPU_LEAF	14	java.util.HashMap.resize
CPU_LEAF	14	org.kanger.units.TSolve.equalsTo
CPU_LEAF	13	org.kanger.Linker.isValidFor
CPU_LEAF	13	java.lang.String.valueOf
CPU_LEAF	13	org.kanger.primitives.ArgumentsList.getHash
CPU_LEAF	13	org.kanger.factory.TValueFactory.release
CPU_LEAF	12	org.kanger.primitives.Solve.equals
CPU_LEAF	12	org.kanger.primitives.ArgumentsList.equalsBase
CPU_LEAF	11	org.kanger.storage.Escalera.mark
CPU_LEAF	11	org.kanger.units.Domain.isExcluded
CPU_LEAF	11	java.util.AbstractSet.equals
CPU_LEAF	10	org.kanger.factory.TValueFactory.mark
CPU_LEAF	10	java.util.ArrayList.grow
CPU_LEAF	10	org.kanger.factory.RuleFactory.collectResolvedCandidateIds
CPU_LEAF	9	java.util.Arrays.copyOf
CPU_LEAF	9	org.kanger.units.TSolve.containsTVar
CPU_LEAF	9	java.util.HashMap.remove
CPU_LEAF	9	org.kanger.units.Domain.getOverlaps
CPU_LEAF	9	java.util.LinkedHashMap$LinkedHashIterator.nextNode
CPU_LEAF	8	org.kanger.factory.RuleFactory$DomainKey.equals
CPU_LEAF	8	org.kanger.factory.RuleCandidateIndex$SignatureKey.equals
CPU_LEAF	8	org.kanger.Linker.checkSystem
CPU_LEAF	7	org.kanger.stores.HypothesisStore.find
CPU_LEAF	7	java.util.TreeMap.getEntry
CPU_LEAF	7	org.kanger.primitives.ArgumentsList.getFunctions
CPU_LEAF	7	java.util.TreeMap$AscendingSubMap.keyIterator
CPU_LEAF	7	org.kanger.factory.RuleCandidateIndex.collectResolvedLocal
CPU_LEAF	7	org.kanger.storage.Escalera.ensureIndex
CPU_LEAF	6	java.util.concurrent.CopyOnWriteArrayList.clear
CPU_LEAF	6	java.util.HashMap.removeNode
CPU_LEAF	6	org.kanger.primitives.ArgumentsList.getTVariables
CPU_LEAF	6	java.util.TreeMap.getCeilingEntry
CPU_LEAF	5	org.kanger.units.TValue.getValue
CPU_LEAF	5	java.util.ArrayList$Itr.next
CPU_LEAF	5	org.kanger.units.Rule.setMind
CPU_LEAF	5	java.util.TreeMap.successor
CPU_LEAF	5	org.kanger.units.TSolve.containsTValue
CPU_LEAF	4	java.util.Objects.checkIndex
CPU_LEAF	4	org.kanger.primitives.Cause.equals
CPU_LEAF	4	org.kanger.Linker$DomainKey.equals
CPU_LEAF	4	org.kanger.factory.TValueFactory.collectIds
CPU_LEAF	4	java.util.TreeMap.compare
CPU_LEAF	4	java.util.ComparableTimSort.countRunAndMakeAscending
CPU_LEAF	4	org.kanger.storage.Escalera.get
CPU_LEAF	4	org.kanger.units.Domain.isCalculated
CPU_LEAF	3	org.kanger.primitives.ArgumentsList.equalsStamp
CPU_LEAF	3	java.lang.StringLatin1.hashCode
CPU_LEAF	3	org.kanger.Linker.rotator
CPU_LEAF	3	java.util.AbstractCollection.addAll
CPU_LEAF	3	org.kanger.storage.Escalera.commit
CPU_LEAF	3	java.util.HashMap.keySet
CPU_LEAF	3	org.kanger.factory.RuleFactory.find
CPU_LEAF	3	org.kanger.units.Domain.setCauses
CPU_LEAF	3	org.kanger.primitives.ArgumentsList.getStamp
CPU_LEAF	3	org.kanger.primitives.Solve.getHash
CPU_LEAF	3	org.kanger.Linker.markExcluded
CPU_LEAF	3	java.util.LinkedHashMap.newNode
CPU_LEAF	2	java.util.HashMap.clear
CPU_LEAF	2	org.kanger.Linker.access$3
CPU_LEAF	2	org.kanger.Linker.access$4
CPU_LEAF	2	java.util.TreeMap$NavigableSubMap$EntrySetView.size
CPU_LEAF	2	org.kanger.units.TSolve.size
CPU_LEAF	2	org.kanger.units.Rule.setUsed
CPU_LEAF	2	org.kanger.primitives.ArgumentsList.convertBase
CPU_LEAF	2	org.kanger.units.CachedDomain.supportedArguments
CPU_LEAF	2	java.util.ArrayList$Itr.hasNext
CPU_LEAF	2	java.util.TreeMap.keyIterator
CPU_LEAF	2	java.util.HashSet.iterator
CPU_LEAF	2	org.kanger.units.CachedDomain.primitiveWeight
CPU_LEAF	2	org.kanger.units.Domain.isComplete
CPU_LEAF	2	java.util.TreeMap$NavigableSubMap.tooHigh
CPU_LEAF	2	org.kanger.units.Domain.isUsed
CPU_LEAF	2	org.kanger.primitives.Solve.hashCode
CPU_LEAF	2	org.kanger.units.Domain.isStored
CPU_LEAF	2	java.util.HashMap$KeySet.iterator
CPU_LEAF	2	java.util.concurrent.CopyOnWriteArraySet.addAll
CPU_LEAF	2	java.util.IdentityHashMap.resize
CPU_LEAF	2	java.util.ArrayList.iterator
CPU_LEAF	2	org.kanger.GeneratedCVarMaterializer.findAlphaEquivalent
CPU_LEAF	2	java.util.HashMap.keysToArray
CPU_LEAF	2	java.util.TreeMap.put
CPU_LEAF	2	java.lang.Long.valueOf
CPU_LEAF	1	java.util.stream.StreamOpFlag.fromCharacteristics
CPU_LEAF	1	org.kanger.Linker.access$1
CPU_LEAF	1	org.kanger.Mind.update
CPU_LEAF	1	java.util.TreeMap$NavigableSubMap$SubMapIterator.hasNext
CPU_LEAF	1	org.kanger.factory.TValueFactory.find
CPU_LEAF	1	org.kanger.Linker.updateDatabase
CPU_LEAF	1	org.kanger.calculator.Predicates$1.<init>
CPU_LEAF	1	org.kanger.SemanticEffectTelemetry.recordGeneratedRule
CPU_LEAF	1	java.lang.StringBuilder.<init>
CPU_LEAF	1	java.lang.AbstractStringBuilder.<init>
CPU_LEAF	1	java.util.Collections.singletonIterator
CPU_LEAF	1	java.lang.AbstractStringBuilder.newCapacity
CPU_LEAF	1	org.kanger.Mind.compileLine
CPU_LEAF	1	org.kanger.SemanticEffectTelemetry.solveKey
CPU_LEAF	1	org.kanger.factory.DictionaryFactory.pack
CPU_LEAF	1	org.kanger.units.TSolve.<init>
CPU_LEAF	1	org.kanger.factory.RuleCandidateIndex$BatchSummary.<init>
CPU_LEAF	1	java.util.Formatter$FormatSpecifier.appendJustified
CPU_LEAF	1	java.util.Properties.getProperty
CPU_LEAF	1	java.util.AbstractCollection.containsAll
CPU_LEAF	1	java.util.concurrent.CopyOnWriteArrayList$COWIterator.next
CPU_LEAF	1	org.kanger.factory.FValueFactory.transaction
CPU_LEAF	1	org.kanger.Analyzer.checkRight
CPU_LEAF	1	java.util.Calendar.setFieldsComputed
CPU_LEAF	1	org.kanger.GeneratedCVarMaterializer.alphaEquivalent
CPU_LEAF	1	org.kanger.units.Domain.setExcluded
CPU_LEAF	1	java.util.HashMap.newNode
CPU_LEAF	1	org.kanger.units.CachedDomain.setCauses
CPU_LEAF	1	java.lang.StringLatin1.newString
CPU_LEAF	1	java.util.TimSort.binarySort
CPU_LEAF	1	java.lang.StringBuilder.append
CPU_LEAF	1	org.kanger.factory.FValueFactory.mark
CPU_LEAF	1	org.kanger.primitives.Solve.<init>
CPU_LEAF	1	java.text.SimpleDateFormat.compile
CPU_LEAF	1	java.lang.StringUTF16.checkIndex
CPU_LEAF	1	java.util.TreeMap$AscendingSubMap$AscendingEntrySetView.iterator
CPU_LEAF	1	org.kanger.Linker.calcFunctions
CPU_LEAF	1	java.lang.invoke.DirectMethodHandle.allocateInstance
CPU_LEAF	1	java.util.ArrayList.removeAll
CPU_LEAF	1	org.kanger.Linker.buildDomainIndex
CPU_LEAF	1	java.lang.Character.toLowerCase
CPU_FIRST_KANGER	195	org.kanger.units.TVariable.activeMind:117
CPU_FIRST_KANGER	185	org.kanger.Mind.isUnitDeleted:1903
CPU_FIRST_KANGER	176	org.kanger.Mind.isUnitDeleted:1900
CPU_FIRST_KANGER	161	org.kanger.units.Predicate.getName:136
CPU_FIRST_KANGER	77	org.kanger.factory.TValueFactory.isEmpty:337
CPU_FIRST_KANGER	57	org.kanger.units.Domain.setMind:563
CPU_FIRST_KANGER	49	org.kanger.primitives.TVariableSet.hashCode:59
CPU_FIRST_KANGER	47	org.kanger.units.Domain.isUsed:356
CPU_FIRST_KANGER	44	org.kanger.units.TVariable.setMind:324
CPU_FIRST_KANGER	43	org.kanger.storage.Step.getData:57
CPU_FIRST_KANGER	43	org.kanger.units.Domain.isExcluded:376
CPU_FIRST_KANGER	42	org.kanger.storage.Escalera.findCandidates:433
CPU_FIRST_KANGER	36	org.kanger.storage.Escalera.findCandidates:435
CPU_FIRST_KANGER	35	org.kanger.primitives.Argument.getValue:153
CPU_FIRST_KANGER	28	org.kanger.factory.TValueFactory.get:333
CPU_FIRST_KANGER	25	org.kanger.units.TSolve.equalsTo:171
CPU_FIRST_KANGER	25	org.kanger.factory.RuleFactory.isPromoted:722
CPU_FIRST_KANGER	24	org.kanger.Mind.isUnitDeleted:1907
CPU_FIRST_KANGER	22	org.kanger.primitives.TVariableSet.equals:68
CPU_FIRST_KANGER	20	org.kanger.storage.Step.getData:56
CPU_FIRST_KANGER	19	org.kanger.storage.Escalera.release:490
CPU_FIRST_KANGER	19	org.kanger.factory.TValueFactory.collectIds:260
CPU_FIRST_KANGER	14	org.kanger.factory.RuleCandidateIndex.collectResolvedLocal:634
CPU_FIRST_KANGER	14	org.kanger.factory.RuleFactory.find:910
CPU_FIRST_KANGER	13	org.kanger.Linker.isValidFor:704
CPU_FIRST_KANGER	13	org.kanger.factory.TValueFactory.release:426
CPU_FIRST_KANGER	13	org.kanger.primitives.ArgumentsList.getHash:91
CPU_FIRST_KANGER	12	org.kanger.primitives.Solve.equals:206
CPU_FIRST_KANGER	10	org.kanger.factory.TValueFactory.collectIds:262
CPU_FIRST_KANGER	10	org.kanger.Linker.markExcluded:924
CPU_FIRST_KANGER	10	org.kanger.units.Domain.isExcluded:377
CPU_FIRST_KANGER	10	org.kanger.factory.TValueFactory.mark:401
CPU_FIRST_KANGER	9	org.kanger.factory.RuleFactory.collectResolvedCandidateIds:490
CPU_FIRST_KANGER	9	org.kanger.units.TSolve.containsTVar:232
CPU_FIRST_KANGER	9	org.kanger.primitives.ArgumentsList.equalsBase:195
CPU_FIRST_KANGER	8	org.kanger.Linker.linkDatabase:1021
CPU_FIRST_KANGER	8	org.kanger.factory.RuleFactory$DomainKey.equals:199
CPU_FIRST_KANGER	8	org.kanger.factory.RuleCandidateIndex$SignatureKey.equals:120
CPU_FIRST_KANGER	8	org.kanger.primitives.ArgumentsList.getTVariables:262
CPU_FIRST_KANGER	8	org.kanger.Linker.linkDatabase:1063
CPU_FIRST_KANGER	8	org.kanger.Linker.linkDatabase:1055
CPU_FIRST_KANGER	7	org.kanger.storage.Escalera.ensureIndex:229
CPU_FIRST_KANGER	7	org.kanger.units.TSolve.containsTValue:241
CPU_FIRST_KANGER	7	org.kanger.Linker.getSolveCandidates:314
CPU_FIRST_KANGER	7	org.kanger.units.Rule.setUsed:203
CPU_FIRST_KANGER	7	org.kanger.factory.RuleCandidateIndex.collectResolvedLocal:587
CPU_FIRST_KANGER	7	org.kanger.units.Domain.isExcluded:375
CPU_FIRST_KANGER	7	org.kanger.Mind.isUnitDeleted:1904
CPU_FIRST_KANGER	7	org.kanger.primitives.Argument.getValue:149
CPU_FIRST_KANGER	7	org.kanger.storage.Escalera.get:274
CPU_FIRST_KANGER	6	org.kanger.factory.FValueFactory.release:301
CPU_FIRST_KANGER	6	org.kanger.Linker.linkDatabase:1147
CPU_FIRST_KANGER	6	org.kanger.storage.Escalera.mark:465
CPU_FIRST_KANGER	6	org.kanger.Linker.markExcluded:943
CPU_FIRST_KANGER	6	org.kanger.factory.RuleFactory.collectDomainIds:398
CPU_FIRST_KANGER	6	org.kanger.primitives.ArgumentsList.getTVariables:258
CPU_FIRST_KANGER	6	org.kanger.QueryTaintSolve.beginOperation:96
CPU_FIRST_KANGER	6	org.kanger.stores.HypothesisStore.find:134
CPU_FIRST_KANGER	6	org.kanger.primitives.Argument.getValue:147
CPU_FIRST_KANGER	6	org.kanger.units.Domain.getOverlaps:329
CPU_FIRST_KANGER	5	org.kanger.Linker.isValidFor:701
CPU_FIRST_KANGER	5	org.kanger.units.Domain.setUsed:366
CPU_FIRST_KANGER	5	org.kanger.units.TValue.getValue:171
CPU_FIRST_KANGER	5	org.kanger.primitives.ArgumentsList.getFunctions:244
CPU_FIRST_KANGER	5	org.kanger.storage.Escalera.mark:466
CPU_FIRST_KANGER	5	org.kanger.units.Rule.setMind:388
CPU_FIRST_KANGER	5	org.kanger.factory.RuleCandidateIndex$IdIndex.get:237
CPU_FIRST_KANGER	5	org.kanger.factory.RuleCandidateIndex.collectResolvedLocal:589
CPU_FIRST_KANGER	4	org.kanger.factory.TValueFactory.collectIds:256
CPU_FIRST_KANGER	4	org.kanger.Linker.checkSystem:1306
CPU_FIRST_KANGER	4	org.kanger.Linker.linkDatabase:1007
CPU_FIRST_KANGER	4	org.kanger.units.Domain.setCauses:231
CPU_FIRST_KANGER	4	org.kanger.SemanticEffectTelemetry.recordTSolveCandidate:186
CPU_FIRST_KANGER	4	org.kanger.Linker.synchronizeSolveIndex:265
CPU_FIRST_KANGER	4	org.kanger.Linker.markExcluded:949
CPU_FIRST_KANGER	4	org.kanger.Linker$DomainKey.equals:346
CPU_FIRST_KANGER	4	org.kanger.SemanticEffectTelemetry.solveKey:218
CPU_FIRST_KANGER	4	org.kanger.enums.Tools.parseDate:124
CPU_FIRST_KANGER	4	org.kanger.factory.RuleCandidateIndex.collectResolvedLocal:561
CPU_FIRST_KANGER	4	org.kanger.primitives.Cause.equals:101
CPU_FIRST_KANGER	4	org.kanger.Linker.linkDomains:783
CPU_FIRST_KANGER	4	org.kanger.units.Term.getParent:739
CPU_FIRST_KANGER	4	org.kanger.storage.Escalera.get:273
CPU_FIRST_KANGER	4	org.kanger.Linker.linkDatabase:1053
CPU_FIRST_KANGER	3	org.kanger.storage.Escalera.release:486
CPU_FIRST_KANGER	3	org.kanger.Linker.isValidFor:702
CPU_FIRST_KANGER	3	org.kanger.primitives.Solve.<init>:62
CPU_FIRST_KANGER	3	org.kanger.units.Domain.setUsed:367
CPU_FIRST_KANGER	3	org.kanger.primitives.ArgumentsList.getStamp:354
CPU_FIRST_KANGER	3	org.kanger.factory.FValueFactory.release:302
CPU_FIRST_KANGER	3	org.kanger.units.Domain.setCauses:233
CPU_FIRST_KANGER	3	org.kanger.units.Domain.isCalculated:422
CPU_FIRST_KANGER	3	org.kanger.Linker.linkDatabase:1019
CPU_FIRST_KANGER	3	org.kanger.Linker.selectDomainCandidates:401
CPU_FIRST_KANGER	3	org.kanger.Linker.markExcluded:952
CPU_FIRST_KANGER	3	org.kanger.primitives.ArgumentsList.equalsBase:171
CPU_FIRST_KANGER	3	org.kanger.factory.TValueFactory.set:446
CPU_FIRST_KANGER	3	org.kanger.factory.RuleCandidateIndex.collectResolvedLocal:563
CPU_FIRST_KANGER	3	org.kanger.QueryTaintSolve.recordDeferredContribution:129
CPU_FIRST_KANGER	3	org.kanger.Mind.isUnitDeleted:1908
CPU_FIRST_KANGER	3	org.kanger.primitives.Solve.getHash:255
CPU_FIRST_KANGER	3	org.kanger.primitives.ArgumentsList.equalsStamp:367
CPU_FIRST_KANGER	3	org.kanger.calculator.Calculator.execute:169
CPU_FIRST_KANGER	3	org.kanger.calculator.Calculator.execute:168
CPU_FIRST_KANGER	3	org.kanger.Linker$4.run:651
CPU_FIRST_KANGER	3	org.kanger.Linker.linkDomains:743
CPU_FIRST_KANGER	2	org.kanger.units.Domain.get:176
CPU_FIRST_KANGER	2	org.kanger.Linker.linkDatabase:1042
CPU_FIRST_KANGER	2	org.kanger.primitives.TVariableSet.<init>:46
CPU_FIRST_KANGER	2	org.kanger.Linker.access$3:999
CPU_FIRST_KANGER	2	org.kanger.Linker.linkDatabase:1048
CPU_FIRST_KANGER	2	org.kanger.Linker.linkDatabase:1151
CPU_FIRST_KANGER	2	org.kanger.Linker.selectDomainCandidates:397
CPU_FIRST_KANGER	2	org.kanger.units.TSolve.size:250
CPU_FIRST_KANGER	2	org.kanger.primitives.ArgumentsList.getFunctions:245
CPU_FIRST_KANGER	2	org.kanger.SemanticEffectTelemetry.recordCause:134
CPU_FIRST_KANGER	2	org.kanger.Linker.access$4:690
CPU_FIRST_KANGER	2	org.kanger.Linker.linkDatabase:1022
CPU_FIRST_KANGER	2	org.kanger.units.Domain.setCauses:232
CPU_FIRST_KANGER	2	org.kanger.units.Domain.isCalculated:426
CPU_FIRST_KANGER	2	org.kanger.Linker.markExcluded:919
CPU_FIRST_KANGER	2	org.kanger.units.CachedDomain.getCauses:90
CPU_FIRST_KANGER	2	org.kanger.factory.RuleCandidateIndex.collectResolvedLocal:636
CPU_FIRST_KANGER	2	org.kanger.units.Domain.isComplete:546
CPU_FIRST_KANGER	2	org.kanger.Linker.rotateVariables:637
CPU_FIRST_KANGER	2	org.kanger.Linker.buildDomainIndex:363
CPU_FIRST_KANGER	2	org.kanger.primitives.Solve.hashCode:196
CPU_FIRST_KANGER	2	org.kanger.units.CachedDomain.supportedArguments:227
CPU_FIRST_KANGER	2	org.kanger.units.TVariable.getFloodCounter:468
CPU_FIRST_KANGER	2	org.kanger.units.Rule.setUsed:201
CPU_FIRST_KANGER	2	org.kanger.Linker.rotator:587
CPU_FIRST_KANGER	2	org.kanger.storage.Escalera.commit:471
CPU_FIRST_KANGER	2	org.kanger.factory.RuleFactory.collectTermIds:411
CPU_FIRST_KANGER	2	org.kanger.units.CachedDomain.getCauses:80
CPU_FIRST_KANGER	2	org.kanger.factory.TValueFactory.forEach:484
CPU_FIRST_KANGER	2	org.kanger.primitives.ArgumentsList.convertBase:225
CPU_FIRST_KANGER	2	org.kanger.units.Domain.isStored:460
CPU_FIRST_KANGER	2	org.kanger.units.CachedDomain.primitiveWeight:221
CPU_FIRST_KANGER	2	org.kanger.Linker.checkSystem:1345
CPU_FIRST_KANGER	2	org.kanger.units.Domain.getOverlaps:328
CPU_FIRST_KANGER	2	org.kanger.Linker.linkDomains:863
CPU_FIRST_KANGER	2	org.kanger.Linker.linkDomains:741
CPU_FIRST_KANGER	2	org.kanger.Linker.linkDomains:744
CPU_FIRST_KANGER	2	org.kanger.Linker.isValidFor:699
CPU_FIRST_KANGER	2	org.kanger.Linker.isValidFor:696
CPU_FIRST_KANGER	2	org.kanger.Linker.isValidFor:692
CPU_FIRST_KANGER	1	org.kanger.storage.Escalera.ensureIndex:234
CPU_FIRST_KANGER	1	org.kanger.factory.DictionaryFactory.collectDynamicRuleTerms:323
CPU_FIRST_KANGER	1	org.kanger.primitives.TVariableSet.contains:83
CPU_FIRST_KANGER	1	org.kanger.primitives.Solve.<init>:56
CPU_FIRST_KANGER	1	org.kanger.units.Domain.isUsed:347
CPU_FIRST_KANGER	1	org.kanger.factory.TValueFactory.find:342
CPU_FIRST_KANGER	1	org.kanger.factory.RuleFactory.containsPromotion:680
CPU_FIRST_KANGER	1	org.kanger.GeneratedCVarMaterializer.findAlphaEquivalent:63
CPU_FIRST_KANGER	1	org.kanger.Mind.getCVarChild:1070
CPU_FIRST_KANGER	1	org.kanger.Mind.findTSolve:1784
CPU_FIRST_KANGER	1	org.kanger.units.CachedDomain.guardedWeights:193
CPU_FIRST_KANGER	1	org.kanger.Mind.findTSolve:1786
CPU_FIRST_KANGER	1	org.kanger.Linker.linkDatabase:1152
CPU_FIRST_KANGER	1	org.kanger.Linker.linkDomains:818
CPU_FIRST_KANGER	1	org.kanger.Linker.checkSystem:1333
CPU_FIRST_KANGER	1	org.kanger.Linker.calcFunctions:1261
CPU_FIRST_KANGER	1	org.kanger.units.Rule.containsTerm:760
CPU_FIRST_KANGER	1	org.kanger.GeneratedCVarMaterializer.findAlphaEquivalent:57
CPU_FIRST_KANGER	1	org.kanger.units.Domain.setSolves:256
CPU_FIRST_KANGER	1	org.kanger.Linker.checkSystem:1305
CPU_FIRST_KANGER	1	org.kanger.Linker.access$1:377
CPU_FIRST_KANGER	1	org.kanger.stores.LogStore.commit:59
CPU_FIRST_KANGER	1	org.kanger.units.Domain.isCalculated:427
CPU_FIRST_KANGER	1	org.kanger.Mind.compileLine:948
CPU_FIRST_KANGER	1	org.kanger.Linker.indexSolve:219
CPU_FIRST_KANGER	1	org.kanger.storage.Escalera.findCandidates:437
CPU_FIRST_KANGER	1	org.kanger.Linker.buildDomainIndex:358
CPU_FIRST_KANGER	1	org.kanger.Linker.linkDatabase:1121
CPU_FIRST_KANGER	1	org.kanger.GeneratedCVarMaterializer.alphaEquivalent:162
CPU_FIRST_KANGER	1	org.kanger.primitives.Hypothesis.<init>:78
CPU_FIRST_KANGER	1	org.kanger.Linker.buildDomainIndex:367
CPU_FIRST_KANGER	1	org.kanger.factory.FValueFactory.transaction:167
CPU_FIRST_KANGER	1	org.kanger.Linker.synchronizeSolveIndex:263
CPU_FIRST_KANGER	1	org.kanger.Linker.linkDatabase:1119
CPU_FIRST_KANGER	1	org.kanger.compiler.Parser.nextToken:280
CPU_FIRST_KANGER	1	org.kanger.primitives.ArgumentsList.equalsBase:185
CPU_FIRST_KANGER	1	org.kanger.Linker.markExcluded:941
CPU_FIRST_KANGER	1	org.kanger.Linker.markExcluded:940
CPU_FIRST_KANGER	1	org.kanger.factory.DictionaryFactory.pack:410
CPU_FIRST_KANGER	1	org.kanger.primitives.ArgumentsList.equalsBase:184
CPU_FIRST_KANGER	1	org.kanger.units.TSolve.equalsTo:170
CPU_FIRST_KANGER	1	org.kanger.Analyzer.checkRight:235
CPU_FIRST_KANGER	1	org.kanger.factory.RuleCandidateIndex.collectResolvedLocal:542
CPU_FIRST_KANGER	1	org.kanger.primitives.Solve.toString:126
CPU_FIRST_KANGER	1	org.kanger.units.Domain.setUsed:370
CPU_FIRST_KANGER	1	org.kanger.GeneratedCVarMaterializer.alphaEquivalent:169
CPU_FIRST_KANGER	1	org.kanger.SemanticEffectTelemetry.solveKey:213
CPU_FIRST_KANGER	1	org.kanger.units.Domain.isUsed:355
CPU_FIRST_KANGER	1	org.kanger.Linker.getSolveCandidates:306
CPU_FIRST_KANGER	1	org.kanger.units.TSolve.<init>:56
CPU_FIRST_KANGER	1	org.kanger.units.TSolve.<init>:55
CPU_FIRST_KANGER	1	org.kanger.factory.RuleCandidateIndex$IdIndex.get:236
CPU_FIRST_KANGER	1	org.kanger.units.Domain.isUsed:357
CPU_FIRST_KANGER	1	org.kanger.stores.LogStore.add:113
CPU_FIRST_KANGER	1	org.kanger.units.Domain.setExcluded:393
CPU_FIRST_KANGER	1	org.kanger.Linker.addOppositeNatives:416
CPU_FIRST_KANGER	1	org.kanger.factory.RuleFactory.collectResolvedCandidateIds:487
CPU_FIRST_KANGER	1	org.kanger.factory.RuleFactory.find:912
CPU_FIRST_KANGER	1	org.kanger.Linker.linkDomains:773
CPU_FIRST_KANGER	1	org.kanger.factory.RuleCandidateIndex.collectResolvedLocal:564
CPU_FIRST_KANGER	1	org.kanger.stores.HypothesisStore.removeAll:261
CPU_FIRST_KANGER	1	org.kanger.Linker.link:546
CPU_FIRST_KANGER	1	org.kanger.Linker.rotator:585
CPU_FIRST_KANGER	1	org.kanger.Linker.rotator:582
CPU_FIRST_KANGER	1	org.kanger.Linker.linkDomains:896
CPU_FIRST_KANGER	1	org.kanger.Linker.linkDomains:776
CPU_FIRST_KANGER	1	org.kanger.storage.Escalera.commit:475
CPU_FIRST_KANGER	1	org.kanger.factory.RuleCandidateIndex$BatchSummary.<init>:185
CPU_FIRST_KANGER	1	org.kanger.factory.FValueFactory.mark:284
CPU_FIRST_KANGER	1	org.kanger.factory.RuleCandidateIndex.collectResolvedLocal:588
CPU_FIRST_KANGER	1	org.kanger.Linker.linkDomains:799
CPU_FIRST_KANGER	1	org.kanger.stores.HypothesisStore.find:135
CPU_FIRST_KANGER	1	org.kanger.factory.RuleCandidateIndex.collectResolvedLocal:598
CPU_FIRST_KANGER	1	org.kanger.SemanticEffectTelemetry.recordGeneratedRule:202
CPU_FIRST_KANGER	1	org.kanger.Linker.updateDatabase:1236
CPU_FIRST_KANGER	1	org.kanger.factory.DictionaryFactory.createCVar:261
CPU_FIRST_KANGER	1	org.kanger.calculator.Predicates$1.<init>:55
CPU_FIRST_KANGER	1	org.kanger.Mind.update:546
CPU_FIRST_KANGER	1	org.kanger.factory.DictionaryFactory.pack:389
CPU_FIRST_KANGER	1	org.kanger.units.Domain.getOverlaps:330
CPU_FIRST_KANGER	1	org.kanger.storage.Escalera.get:275
CPU_FIRST_KANGER	1	org.kanger.calculator.Calculator.execute:170
CPU_FIRST_KANGER	1	org.kanger.units.Domain.getOverlaps:327
CPU_FIRST_KANGER	1	org.kanger.units.CachedDomain.setCauses:252
CPU_FIRST_KANGER	1	org.kanger.Linker.link:538
CPU_FIRST_KANGER	1	org.kanger.storage.Escalera.indexStep:197
CPU_FIRST_KANGER	1	org.kanger.Linker.isValidFor:695
CPU_FIRST_KANGER	1	org.kanger.Linker.linkDomains:753
CPU_INCLUSIVE	2027	org.kanger.WarmProfileRunner.main
CPU_INCLUSIVE	2027	org.kanger.Mind.optimizeHypothesis
CPU_INCLUSIVE	2027	org.kanger.stores.HypothesisStore.optimize
CPU_INCLUSIVE	1928	org.kanger.Mind.link
CPU_INCLUSIVE	1928	org.kanger.Linker.link
CPU_INCLUSIVE	1889	org.kanger.Linker.rotator
CPU_INCLUSIVE	1800	org.kanger.Linker.rotateVariables
CPU_INCLUSIVE	1623	org.kanger.Linker$3.run
CPU_INCLUSIVE	1408	org.kanger.Mind.query
CPU_INCLUSIVE	1162	org.kanger.factory.TValueFactory.forEach
CPU_INCLUSIVE	1154	org.kanger.Linker$4.run
CPU_INCLUSIVE	1151	org.kanger.Linker.access$5
CPU_INCLUSIVE	981	org.kanger.Linker.access$3
CPU_INCLUSIVE	979	org.kanger.Linker.linkDatabase
CPU_INCLUSIVE	976	org.kanger.Mind.queryCheckFalse
CPU_INCLUSIVE	432	org.kanger.Mind.queryCheckTrue
CPU_INCLUSIVE	395	org.kanger.Mind.isUnitDeleted
CPU_INCLUSIVE	360	org.kanger.storage.Step.getData
CPU_INCLUSIVE	356	org.kanger.primitives.ArgumentsList.getTVariables
CPU_INCLUSIVE	354	org.kanger.Linker.linkDomains
CPU_INCLUSIVE	354	org.kanger.Linker.access$2
CPU_INCLUSIVE	342	org.kanger.units.TVariable.isDeleted
CPU_INCLUSIVE	342	org.kanger.primitives.Argument.isDeleted
CPU_INCLUSIVE	309	org.kanger.storage.Escalera.get
CPU_INCLUSIVE	306	org.kanger.factory.RuleFactory.get
CPU_INCLUSIVE	295	org.kanger.units.Rule.setMind
CPU_INCLUSIVE	292	org.kanger.units.CachedDomain.setMind
CPU_INCLUSIVE	292	org.kanger.units.Domain.setMind
CPU_INCLUSIVE	284	org.kanger.factory.RuleFactory.getRaw
CPU_INCLUSIVE	280	org.kanger.Linker.access$1
CPU_INCLUSIVE	279	org.kanger.Linker.selectDomainCandidates
CPU_INCLUSIVE	272	org.kanger.factory.RuleFactory.findByResolvedDomain
CPU_INCLUSIVE	256	org.kanger.units.Domain.isStored
CPU_INCLUSIVE	227	org.kanger.factory.RuleFactory.find
CPU_INCLUSIVE	222	org.kanger.Linker.checkSystem
CPU_INCLUSIVE	195	org.kanger.units.TVariable.activeMind
CPU_INCLUSIVE	190	org.kanger.primitives.Argument.getValue
CPU_INCLUSIVE	185	org.kanger.units.Domain.isExcluded
CPU_INCLUSIVE	181	org.kanger.primitives.ArgumentsList.equalsBase
CPU_INCLUSIVE	169	org.kanger.units.Domain.isCalculated
CPU_INCLUSIVE	167	org.kanger.primitives.ArgumentsList.getStamp
CPU_INCLUSIVE	165	org.kanger.primitives.ArgumentsList.equalsStamp
CPU_INCLUSIVE	161	org.kanger.units.Predicate.getName
CPU_INCLUSIVE	153	org.kanger.units.TVariable.getValue
CPU_INCLUSIVE	132	org.kanger.units.Predicate.isSystem
CPU_INCLUSIVE	132	org.kanger.units.Domain.isSystem
CPU_INCLUSIVE	130	org.kanger.factory.TValueFactory.get
CPU_INCLUSIVE	124	org.kanger.primitives.Argument.residentBaseTerm
CPU_INCLUSIVE	124	org.kanger.units.TVariable.getMind
CPU_INCLUSIVE	119	org.kanger.Linker.access$4
CPU_INCLUSIVE	117	org.kanger.Linker.isValidFor
CPU_INCLUSIVE	106	org.kanger.units.Domain.isUsed
CPU_INCLUSIVE	93	org.kanger.primitives.Argument.isEmpty
CPU_INCLUSIVE	87	org.kanger.storage.Escalera.findCandidates
CPU_INCLUSIVE	83	org.kanger.factory.RuleFactory.collectResolvedCandidateIds
CPU_INCLUSIVE	80	org.kanger.factory.RuleFactory.findByDomain
CPU_INCLUSIVE	79	org.kanger.units.Domain.setUsed
CPU_INCLUSIVE	77	org.kanger.factory.TValueFactory.isEmpty
CPU_INCLUSIVE	74	org.kanger.Linker.markExcluded
CPU_INCLUSIVE	73	org.kanger.Linker.updateDatabase
CPU_INCLUSIVE	73	org.kanger.factory.RuleCandidateIndex.collectResolvedLocal
CPU_INCLUSIVE	70	org.kanger.Mind.analyze
CPU_INCLUSIVE	70	org.kanger.Analyzer.analyze
CPU_INCLUSIVE	67	org.kanger.units.Domain.setCalculated
CPU_INCLUSIVE	67	org.kanger.Analyzer.checkDatabase
CPU_INCLUSIVE	65	org.kanger.Analyzer.checkRight
CPU_INCLUSIVE	64	org.kanger.Mind.addTSolve
CPU_INCLUSIVE	63	org.kanger.storage.Escalera$WalkIterator.next
CPU_INCLUSIVE	61	org.kanger.factory.RuleFactory$1.next
CPU_INCLUSIVE	59	org.kanger.Analyzer.candidatesFor
CPU_INCLUSIVE	58	org.kanger.Mind.findTSolve
CPU_INCLUSIVE	58	org.kanger.primitives.Solve.getHash
CPU_INCLUSIVE	56	org.kanger.primitives.ArgumentsList.getHash
CPU_INCLUSIVE	56	org.kanger.factory.RuleFactory.add
CPU_INCLUSIVE	55	org.kanger.units.Domain.createStored
CPU_INCLUSIVE	51	org.kanger.units.Rule.isDeleted
CPU_INCLUSIVE	49	org.kanger.primitives.TVariableSet.hashCode
CPU_INCLUSIVE	48	org.kanger.GeneratedCVarMaterializer.findAlphaEquivalent
CPU_INCLUSIVE	44	org.kanger.units.TVariable.setMind
CPU_INCLUSIVE	40	org.kanger.units.Domain.isComplete
CPU_INCLUSIVE	39	org.kanger.units.CachedDomain.setCauses
CPU_INCLUSIVE	38	org.kanger.units.Domain.setCauses
CPU_INCLUSIVE	37	org.kanger.factory.TValueFactory.find
CPU_INCLUSIVE	33	org.kanger.factory.TValueFactory.collectIds
CPU_INCLUSIVE	31	org.kanger.units.Rule.equalsTo
CPU_INCLUSIVE	29	org.kanger.factory.TValueFactory.release
CPU_INCLUSIVE	27	org.kanger.units.Domain.getOverlaps
CPU_INCLUSIVE	27	org.kanger.units.Predicate.toString
CPU_INCLUSIVE	26	org.kanger.units.Domain.setExcluded
CPU_INCLUSIVE	26	org.kanger.units.TSolve.equalsTo
CPU_INCLUSIVE	26	org.kanger.factory.RuleFactory.effectiveView
CPU_INCLUSIVE	26	org.kanger.factory.RuleFactory.isPromoted
CPU_INCLUSIVE	22	org.kanger.storage.Escalera.release
CPU_INCLUSIVE	22	org.kanger.primitives.TVariableSet.equals
CPU_INCLUSIVE	22	org.kanger.Linker.addOppositeNatives
CPU_INCLUSIVE	21	org.kanger.Linker.getSolveCandidates
CPU_INCLUSIVE	21	org.kanger.units.TVariable.getCurrent
CPU_INCLUSIVE	16	org.kanger.primitives.Cause.equals
CPU_INCLUSIVE	15	org.kanger.factory.FValueFactory.release
CPU_INCLUSIVE	14	org.kanger.factory.RuleFactory.collectDomainIds
CPU_INCLUSIVE	14	org.kanger.Mind.compileLine
CPU_INCLUSIVE	12	org.kanger.primitives.Solve.equals
CPU_INCLUSIVE	12	org.kanger.factory.FValueFactory.mark
CPU_INCLUSIVE	11	org.kanger.storage.Escalera.mark
CPU_INCLUSIVE	11	org.kanger.factory.RuleCandidateIndex.computeBatchSummary
CPU_INCLUSIVE	11	org.kanger.Mind.release
CPU_INCLUSIVE	10	org.kanger.Mind.finalizeTransactionRootLocked
CPU_INCLUSIVE	10	org.kanger.factory.TValueFactory.mark
CPU_INCLUSIVE	10	org.kanger.Mind.finishTransactionLocked
CPU_INCLUSIVE	10	org.kanger.units.Domain.execSystem
CPU_INCLUSIVE	9	org.kanger.units.Rule.setUsed
CPU_INCLUSIVE	9	org.kanger.Mind.pack
CPU_INCLUSIVE	9	org.kanger.calculator.Calculator.execute
CPU_INCLUSIVE	9	org.kanger.units.TSolve.containsTVar
CPU_INCLUSIVE	9	org.kanger.factory.RuleCandidateIndex.markCachedBatchUsed
CPU_INCLUSIVE	9	org.kanger.stores.HypothesisStore.find
CPU_INCLUSIVE	9	org.kanger.units.CachedDomain.getCauses
CPU_INCLUSIVE	9	org.kanger.storage.Escalera.ensureIndex
CPU_INCLUSIVE	9	org.kanger.Mind.executeSystem
CPU_INCLUSIVE	8	org.kanger.SemanticEffectTelemetry.recordDeferredContribution
CPU_INCLUSIVE	8	org.kanger.factory.RuleFactory$DomainKey.equals
CPU_INCLUSIVE	8	org.kanger.factory.RuleCandidateIndex$SignatureKey.equals
CPU_INCLUSIVE	8	org.kanger.Linker.calcFunctions
CPU_INCLUSIVE	7	org.kanger.units.TSolve.containsTValue
CPU_INCLUSIVE	7	org.kanger.primitives.ArgumentsList.getFunctions
CPU_INCLUSIVE	6	org.kanger.primitives.ArgumentsList.convertBase
CPU_INCLUSIVE	6	org.kanger.TechnicalMindTransaction.commit
CPU_INCLUSIVE	6	org.kanger.units.Domain.setProduced
CPU_INCLUSIVE	6	org.kanger.factory.DictionaryFactory.pack
CPU_INCLUSIVE	6	org.kanger.units.TVariable.isEmpty
CPU_INCLUSIVE	6	org.kanger.Mind.commit
CPU_INCLUSIVE	6	org.kanger.factory.RuleCandidateIndex$IdIndex.get
CPU_INCLUSIVE	6	org.kanger.LinkerStatistics.incrementUnificationAttempts
CPU_INCLUSIVE	6	org.kanger.Linker.synchronizeSolveIndex
CPU_INCLUSIVE	6	org.kanger.QueryTaintSolve.beginOperation
CPU_INCLUSIVE	6	org.kanger.factory.RuleCandidateIndex$BatchKey.equals
CPU_INCLUSIVE	6	org.kanger.Linker.buildDomainIndex
CPU_INCLUSIVE	5	org.kanger.SemanticEffectTelemetry.solveKey
CPU_INCLUSIVE	5	org.kanger.units.CachedDomain.guardedWeights
CPU_INCLUSIVE	5	org.kanger.units.TValue.getValue
CPU_INCLUSIVE	5	org.kanger.primitives.Cause.<init>
CPU_INCLUSIVE	4	org.kanger.units.Term.<init>
CPU_INCLUSIVE	4	org.kanger.factory.TValueFactory.add
CPU_INCLUSIVE	4	org.kanger.units.Term.getParentId
CPU_INCLUSIVE	4	org.kanger.units.Term.getParent
CPU_INCLUSIVE	4	org.kanger.primitives.Solve.<init>
CPU_INCLUSIVE	4	org.kanger.enums.Tools.parseDate
CPU_INCLUSIVE	4	org.kanger.factory.DictionaryFactory.add
CPU_INCLUSIVE	4	org.kanger.primitives.ArgumentsList.applyStamp
CPU_INCLUSIVE	4	org.kanger.Linker$DomainKey.equals
CPU_INCLUSIVE	4	org.kanger.factory.RuleFactory.access$1
CPU_INCLUSIVE	4	org.kanger.factory.RuleCandidateIndex.batchGeneratedNonSubstitutablePair
CPU_INCLUSIVE	4	org.kanger.units.Term.construct
CPU_INCLUSIVE	4	org.kanger.SemanticEffectTelemetry.recordTSolveCandidate
CPU_INCLUSIVE	3	org.kanger.factory.TValueFactory.set
CPU_INCLUSIVE	3	org.kanger.storage.Escalera.commit
CPU_INCLUSIVE	3	org.kanger.factory.DictionaryFactory.collectDynamicRuleTerms
CPU_INCLUSIVE	3	org.kanger.factory.DomainFactory.commit
CPU_INCLUSIVE	3	org.kanger.units.TVariable.setValue
CPU_INCLUSIVE	3	org.kanger.factory.DictionaryFactory.find
CPU_INCLUSIVE	3	org.kanger.units.TVariable.setCurrent
CPU_INCLUSIVE	3	org.kanger.factory.FValueFactory.commit
CPU_INCLUSIVE	3	org.kanger.compiler.Compiller.compileLine
CPU_INCLUSIVE	3	org.kanger.GeneratedCVarMaterializer.alphaEquivalent
CPU_INCLUSIVE	3	org.kanger.units.TVariable.getFloodCounter
CPU_INCLUSIVE	3	org.kanger.primitives.Hypothesis.<init>
CPU_INCLUSIVE	3	org.kanger.QueryTaintSolve.recordDeferredContribution
CPU_INCLUSIVE	2	org.kanger.units.TSolve.size
CPU_INCLUSIVE	2	org.kanger.units.Domain.get
CPU_INCLUSIVE	2	org.kanger.units.Domain.isProduced
CPU_INCLUSIVE	2	org.kanger.primitives.Solve.toString
CPU_INCLUSIVE	2	org.kanger.stores.HypothesisStore.equalsBase
CPU_INCLUSIVE	2	org.kanger.compiler.Compiller.compilePredicate
CPU_INCLUSIVE	2	org.kanger.Mind.<init>
CPU_INCLUSIVE	2	org.kanger.compiler.Compiller.construct
CPU_INCLUSIVE	2	org.kanger.factory.TValueFactory.pack
CPU_INCLUSIVE	2	org.kanger.units.TValue.setDeleted
CPU_INCLUSIVE	2	org.kanger.primitives.TVariableSet.<init>
CPU_INCLUSIVE	2	org.kanger.units.CachedDomain.supportedArguments
CPU_INCLUSIVE	2	org.kanger.factory.RuleFactory.collectTermIds
CPU_INCLUSIVE	2	org.kanger.Mind.init
CPU_INCLUSIVE	2	org.kanger.Mind.setUnitDeleted
CPU_INCLUSIVE	2	org.kanger.units.TSolve.<init>
CPU_INCLUSIVE	2	org.kanger.primitives.Cause.hashCode
CPU_INCLUSIVE	2	org.kanger.PortableMindLayer.capture
CPU_INCLUSIVE	2	org.kanger.units.CachedDomain.primitiveWeight
CPU_INCLUSIVE	2	org.kanger.SemanticEffectTelemetry.recordCause
CPU_INCLUSIVE	2	org.kanger.stores.LogStore.add
CPU_INCLUSIVE	2	org.kanger.primitives.Solve.hashCode
CPU_INCLUSIVE	2	org.kanger.factory.RuleFactory.hasActiveRuleWithTerm
CPU_INCLUSIVE	2	org.kanger.units.Domain.toString
CPU_INCLUSIVE	1	org.kanger.units.Domain.equalsBase
CPU_INCLUSIVE	1	org.kanger.calculator.Predicates.<init>
CPU_INCLUSIVE	1	org.kanger.Mind.update
CPU_INCLUSIVE	1	org.kanger.SemanticEffectTelemetry.recordGeneratedRule
CPU_INCLUSIVE	1	org.kanger.GeneratedCVarMaterializer.containsCVariable
CPU_INCLUSIVE	1	org.kanger.primitives.TVariableSet.contains
CPU_INCLUSIVE	1	org.kanger.units.Rule.containsTerm
CPU_INCLUSIVE	1	org.kanger.factory.RuleCandidateIndex$BatchSummary.<init>
CPU_INCLUSIVE	1	org.kanger.units.Domain.<init>
CPU_INCLUSIVE	1	org.kanger.Linker.synchronizeSolveIndexReference
CPU_INCLUSIVE	1	org.kanger.units.Domain.setSolves
CPU_INCLUSIVE	1	org.kanger.stores.HypothesisStore.removeAll
CPU_INCLUSIVE	1	org.kanger.compiler.Parser.parse
CPU_INCLUSIVE	1	org.kanger.storage.Escalera.find
CPU_INCLUSIVE	1	org.kanger.stores.LogStore.commit
CPU_INCLUSIVE	1	org.kanger.storage.Escalera.indexStep
CPU_INCLUSIVE	1	org.kanger.compiler.Parser.nextToken
CPU_INCLUSIVE	1	org.kanger.Mind.getCVarChild
CPU_INCLUSIVE	1	org.kanger.primitives.ArgumentsList.hashCode
CPU_INCLUSIVE	1	org.kanger.factory.FValueFactory.<init>
CPU_INCLUSIVE	1	org.kanger.factory.RuleFactory.pack
CPU_INCLUSIVE	1	org.kanger.calculator.Predicates$1$2.run
CPU_INCLUSIVE	1	org.kanger.calculator.Predicates$1.<init>
CPU_INCLUSIVE	1	org.kanger.units.Domain.isQuery
CPU_INCLUSIVE	1	org.kanger.factory.DomainFactory.add
CPU_INCLUSIVE	1	org.kanger.TechnicalMindTransaction.rollback
CPU_INCLUSIVE	1	org.kanger.Linker.indexSolve
CPU_INCLUSIVE	1	org.kanger.factory.DictionaryFactory.createCVar
CPU_INCLUSIVE	1	org.kanger.units.Term.getChild
CPU_INCLUSIVE	1	org.kanger.factory.RuleFactory.containsPromotion
CPU_INCLUSIVE	1	org.kanger.factory.DomainFactory.find
CPU_INCLUSIVE	1	org.kanger.Mind.formatTree
CPU_INCLUSIVE	1	org.kanger.factory.FValueFactory.transaction
CPU_INCLUSIVE	1	org.kanger.calculator.Calculator.<init>
CPU_INCLUSIVE	1	org.kanger.units.Domain.getSolves
CPU_INCLUSIVE	1	org.kanger.stores.HypothesisStore.add
CPU_INCLUSIVE	1	org.kanger.factory.CommentFactory$1.next
CPU_INCLUSIVE	1	org.kanger.factory.RuleFactory.commit
CPU_PATH	12	org.kanger.units.Predicate.getName:136 <- org.kanger.units.Predicate.isSystem:332 <- org.kanger.units.Domain.isSystem:481 <- org.kanger.Linker.checkSystem:1306 <- org.kanger.Linker.linkDatabase:1004 <- org.kanger.Linker.access$3:999 <- org.kanger.Linker$3.run:612 <- org.kanger.Linker.rotateVariables:638 <- org.kanger.Linker.access$5:635 <- org.kanger.Linker$4.run:651 <- org.kanger.factory.TValueFactory.forEach:487 <- org.kanger.Linker.rotateVariables:645 <- org.kanger.Linker.access$5:635 <- org.kanger.Linker$4.run:651 <- org.kanger.factory.TValueFactory.forEach:487 <- org.kanger.Linker.rotateVariables:645 <- org.kanger.Linker.rotator:598 <- org.kanger.Linker.link:554 <- org.kanger.Mind.link:823 <- org.kanger.Mind.queryCheckFalse:1490 <- org.kanger.Mind.query:1671 <- org.kanger.stores.HypothesisStore.optimize:222 <- org.kanger.Mind.optimizeHypothesis:2084 <- org.kanger.WarmProfileRunner.main:55 <- 
CPU_PATH	11	org.kanger.units.TVariable.activeMind:117 <- org.kanger.units.TVariable.getMind:316 <- org.kanger.primitives.Argument.residentBaseTerm:138 <- org.kanger.primitives.ArgumentsList.equalsBase:173 <- org.kanger.units.Domain.isExcluded:377 <- org.kanger.units.Domain.isExcluded:386 <- org.kanger.Linker.linkDatabase:1052 <- org.kanger.Linker.access$3:999 <- org.kanger.Linker$3.run:612 <- org.kanger.Linker.rotateVariables:638 <- org.kanger.Linker.access$5:635 <- org.kanger.Linker$4.run:651 <- org.kanger.factory.TValueFactory.forEach:487 <- org.kanger.Linker.rotateVariables:645 <- org.kanger.Linker.access$5:635 <- org.kanger.Linker$4.run:651 <- org.kanger.factory.TValueFactory.forEach:487 <- org.kanger.Linker.rotateVariables:645 <- org.kanger.Linker.rotator:598 <- org.kanger.Linker.link:554 <- org.kanger.Mind.link:823 <- org.kanger.Mind.queryCheckFalse:1490 <- org.kanger.Mind.query:1671 <- org.kanger.stores.HypothesisStore.optimize:222 <- org.kanger.Mind.optimizeHypothesis:2084 <- org.kanger.WarmProfileRunner.main:55 <- 
CPU_PATH	10	org.kanger.units.TVariable.activeMind:117 <- org.kanger.units.TVariable.getMind:316 <- org.kanger.primitives.Argument.residentBaseTerm:138 <- org.kanger.primitives.ArgumentsList.equalsBase:174 <- org.kanger.units.Domain.isExcluded:377 <- org.kanger.units.Domain.isExcluded:386 <- org.kanger.Linker.linkDatabase:1052 <- org.kanger.Linker.access$3:999 <- org.kanger.Linker$3.run:612 <- org.kanger.Linker.rotateVariables:638 <- org.kanger.Linker.access$5:635 <- org.kanger.Linker$4.run:651 <- org.kanger.factory.TValueFactory.forEach:487 <- org.kanger.Linker.rotateVariables:645 <- org.kanger.Linker.access$5:635 <- org.kanger.Linker$4.run:651 <- org.kanger.factory.TValueFactory.forEach:487 <- org.kanger.Linker.rotateVariables:645 <- org.kanger.Linker.rotator:598 <- org.kanger.Linker.link:554 <- org.kanger.Mind.link:823 <- org.kanger.Mind.queryCheckFalse:1490 <- org.kanger.Mind.query:1671 <- org.kanger.stores.HypothesisStore.optimize:222 <- org.kanger.Mind.optimizeHypothesis:2084 <- org.kanger.WarmProfileRunner.main:55 <- 
CPU_PATH	10	org.kanger.Mind.isUnitDeleted:1903 <- org.kanger.units.TVariable.isDeleted:373 <- org.kanger.primitives.Argument.isDeleted:239 <- org.kanger.primitives.ArgumentsList.getTVariables:260 <- org.kanger.units.Domain.setMind:563 <- org.kanger.units.CachedDomain.setMind:264 <- org.kanger.units.CachedDomain.setMind:1 <- org.kanger.units.Rule.setMind:390 <- org.kanger.units.Rule.setMind:1 <- org.kanger.storage.Step.getData:57 <- org.kanger.storage.Escalera.get:280 <- org.kanger.factory.RuleFactory.getRaw:664 <- org.kanger.factory.RuleFactory.get:675 <- org.kanger.factory.RuleFactory.findByResolvedDomain:503 <- org.kanger.Linker.selectDomainCandidates:389 <- org.kanger.Linker.access$1:377 <- org.kanger.Linker$3.run:604 <- org.kanger.Linker.rotateVariables:638 <- org.kanger.Linker.rotator:598 <- org.kanger.Linker.link:555 <- org.kanger.Mind.link:823 <- org.kanger.Mind.queryCheckFalse:1490 <- org.kanger.Mind.query:1671 <- org.kanger.stores.HypothesisStore.optimize:222 <- org.kanger.Mind.optimizeHypothesis:2084 <- org.kanger.WarmProfileRunner.main:55 <- 
CPU_PATH	9	org.kanger.units.Domain.setMind:563 <- org.kanger.units.CachedDomain.setMind:264 <- org.kanger.units.CachedDomain.setMind:1 <- org.kanger.units.Rule.setMind:390 <- org.kanger.units.Rule.setMind:1 <- org.kanger.storage.Step.getData:57 <- org.kanger.storage.Escalera.get:280 <- org.kanger.factory.RuleFactory.getRaw:664 <- org.kanger.factory.RuleFactory.get:675 <- org.kanger.factory.RuleFactory.findByResolvedDomain:503 <- org.kanger.Linker.selectDomainCandidates:389 <- org.kanger.Linker.access$1:377 <- org.kanger.Linker$3.run:604 <- org.kanger.Linker.rotateVariables:638 <- org.kanger.Linker.rotator:598 <- org.kanger.Linker.link:554 <- org.kanger.Mind.link:823 <- org.kanger.Mind.queryCheckFalse:1490 <- org.kanger.Mind.query:1671 <- org.kanger.stores.HypothesisStore.optimize:222 <- org.kanger.Mind.optimizeHypothesis:2084 <- org.kanger.WarmProfileRunner.main:55 <- 
CPU_PATH	9	org.kanger.units.Predicate.getName:136 <- org.kanger.units.Predicate.isSystem:332 <- org.kanger.units.Domain.isSystem:481 <- org.kanger.Linker.checkSystem:1306 <- org.kanger.Linker.linkDatabase:1004 <- org.kanger.Linker.access$3:999 <- org.kanger.Linker$3.run:612 <- org.kanger.Linker.rotateVariables:638 <- org.kanger.Linker.access$5:635 <- org.kanger.Linker$4.run:651 <- org.kanger.factory.TValueFactory.forEach:487 <- org.kanger.Linker.rotateVariables:645 <- org.kanger.Linker.access$5:635 <- org.kanger.Linker$4.run:651 <- org.kanger.factory.TValueFactory.forEach:487 <- org.kanger.Linker.rotateVariables:645 <- org.kanger.Linker.rotator:598 <- org.kanger.Linker.link:555 <- org.kanger.Mind.link:823 <- org.kanger.stores.HypothesisStore.optimize:216 <- org.kanger.Mind.optimizeHypothesis:2084 <- org.kanger.WarmProfileRunner.main:55 <- 
CPU_PATH	8	org.kanger.units.Predicate.getName:136 <- org.kanger.units.Predicate.isSystem:332 <- org.kanger.units.Domain.isSystem:481 <- org.kanger.Linker.checkSystem:1306 <- org.kanger.Linker.linkDatabase:1004 <- org.kanger.Linker.access$3:999 <- org.kanger.Linker$3.run:612 <- org.kanger.Linker.rotateVariables:638 <- org.kanger.Linker.access$5:635 <- org.kanger.Linker$4.run:651 <- org.kanger.factory.TValueFactory.forEach:487 <- org.kanger.Linker.rotateVariables:645 <- org.kanger.Linker.access$5:635 <- org.kanger.Linker$4.run:651 <- org.kanger.factory.TValueFactory.forEach:487 <- org.kanger.Linker.rotateVariables:645 <- org.kanger.Linker.rotator:598 <- org.kanger.Linker.link:555 <- org.kanger.Mind.link:823 <- org.kanger.Mind.queryCheckFalse:1490 <- org.kanger.Mind.query:1671 <- org.kanger.stores.HypothesisStore.optimize:222 <- org.kanger.Mind.optimizeHypothesis:2084 <- org.kanger.WarmProfileRunner.main:55 <- 
CPU_PATH	8	org.kanger.Mind.isUnitDeleted:1903 <- org.kanger.units.TVariable.isDeleted:373 <- org.kanger.primitives.Argument.isDeleted:239 <- org.kanger.primitives.ArgumentsList.getTVariables:261 <- org.kanger.units.Domain.setMind:563 <- org.kanger.units.CachedDomain.setMind:264 <- org.kanger.units.CachedDomain.setMind:1 <- org.kanger.units.Rule.setMind:390 <- org.kanger.units.Rule.setMind:1 <- org.kanger.storage.Step.getData:57 <- org.kanger.storage.Escalera.get:280 <- org.kanger.factory.RuleFactory.getRaw:664 <- org.kanger.factory.RuleFactory.get:675 <- org.kanger.factory.RuleFactory.findByResolvedDomain:503 <- org.kanger.Linker.selectDomainCandidates:389 <- org.kanger.Linker.access$1:377 <- org.kanger.Linker$3.run:604 <- org.kanger.Linker.rotateVariables:638 <- org.kanger.Linker.rotator:598 <- org.kanger.Linker.link:555 <- org.kanger.Mind.link:823 <- org.kanger.Mind.queryCheckFalse:1490 <- org.kanger.Mind.query:1671 <- org.kanger.stores.HypothesisStore.optimize:222 <- org.kanger.Mind.optimizeHypothesis:2084 <- org.kanger.WarmProfileRunner.main:55 <- 
CPU_PATH	8	org.kanger.Mind.isUnitDeleted:1900 <- org.kanger.units.TVariable.isDeleted:373 <- org.kanger.primitives.Argument.isDeleted:239 <- org.kanger.primitives.ArgumentsList.getTVariables:260 <- org.kanger.units.Domain.setMind:563 <- org.kanger.units.CachedDomain.setMind:264 <- org.kanger.units.CachedDomain.setMind:1 <- org.kanger.units.Rule.setMind:390 <- org.kanger.units.Rule.setMind:1 <- org.kanger.storage.Step.getData:57 <- org.kanger.storage.Escalera.get:280 <- org.kanger.factory.RuleFactory.getRaw:664 <- org.kanger.factory.RuleFactory.get:675 <- org.kanger.factory.RuleFactory.findByResolvedDomain:503 <- org.kanger.Linker.selectDomainCandidates:389 <- org.kanger.Linker.access$1:377 <- org.kanger.Linker$3.run:604 <- org.kanger.Linker.rotateVariables:638 <- org.kanger.Linker.rotator:598 <- org.kanger.Linker.link:554 <- org.kanger.Mind.link:823 <- org.kanger.Mind.queryCheckFalse:1490 <- org.kanger.Mind.query:1671 <- org.kanger.stores.HypothesisStore.optimize:222 <- org.kanger.Mind.optimizeHypothesis:2084 <- org.kanger.WarmProfileRunner.main:55 <- 
CPU_PATH	8	org.kanger.units.Predicate.getName:136 <- org.kanger.units.Predicate.isSystem:332 <- org.kanger.units.Domain.isSystem:481 <- org.kanger.Linker.checkSystem:1306 <- org.kanger.Linker.linkDatabase:1004 <- org.kanger.Linker.access$3:999 <- org.kanger.Linker$3.run:612 <- org.kanger.Linker.rotateVariables:638 <- org.kanger.Linker.access$5:635 <- org.kanger.Linker$4.run:651 <- org.kanger.factory.TValueFactory.forEach:487 <- org.kanger.Linker.rotateVariables:645 <- org.kanger.Linker.access$5:635 <- org.kanger.Linker$4.run:651 <- org.kanger.factory.TValueFactory.forEach:487 <- org.kanger.Linker.rotateVariables:645 <- org.kanger.Linker.rotator:598 <- org.kanger.Linker.link:554 <- org.kanger.Mind.link:823 <- org.kanger.Mind.queryCheckTrue:1565 <- org.kanger.Mind.query:1674 <- org.kanger.stores.HypothesisStore.optimize:222 <- org.kanger.Mind.optimizeHypothesis:2084 <- org.kanger.WarmProfileRunner.main:55 <- 
CPU_PATH	8	org.kanger.units.Domain.isExcluded:376 <- org.kanger.units.Domain.isExcluded:386 <- org.kanger.Linker.linkDatabase:1052 <- org.kanger.Linker.access$3:999 <- org.kanger.Linker$3.run:612 <- org.kanger.Linker.rotateVariables:638 <- org.kanger.Linker.access$5:635 <- org.kanger.Linker$4.run:651 <- org.kanger.factory.TValueFactory.forEach:487 <- org.kanger.Linker.rotateVariables:645 <- org.kanger.Linker.access$5:635 <- org.kanger.Linker$4.run:651 <- org.kanger.factory.TValueFactory.forEach:487 <- org.kanger.Linker.rotateVariables:645 <- org.kanger.Linker.rotator:598 <- org.kanger.Linker.link:555 <- org.kanger.Mind.link:823 <- org.kanger.Mind.queryCheckTrue:1565 <- org.kanger.Mind.query:1674 <- org.kanger.stores.HypothesisStore.optimize:222 <- org.kanger.Mind.optimizeHypothesis:2084 <- org.kanger.WarmProfileRunner.main:55 <- 
CPU_PATH	8	org.kanger.Mind.isUnitDeleted:1903 <- org.kanger.units.TVariable.isDeleted:373 <- org.kanger.primitives.Argument.isDeleted:239 <- org.kanger.primitives.ArgumentsList.getTVariables:261 <- org.kanger.units.Domain.setMind:563 <- org.kanger.units.CachedDomain.setMind:264 <- org.kanger.units.CachedDomain.setMind:1 <- org.kanger.units.Rule.setMind:390 <- org.kanger.units.Rule.setMind:1 <- org.kanger.storage.Step.getData:57 <- org.kanger.storage.Escalera.get:280 <- org.kanger.factory.RuleFactory.getRaw:664 <- org.kanger.factory.RuleFactory.get:675 <- org.kanger.factory.RuleFactory.findByResolvedDomain:503 <- org.kanger.Linker.selectDomainCandidates:389 <- org.kanger.Linker.access$1:377 <- org.kanger.Linker$3.run:604 <- org.kanger.Linker.rotateVariables:638 <- org.kanger.Linker.rotator:598 <- org.kanger.Linker.link:554 <- org.kanger.Mind.link:823 <- org.kanger.Mind.queryCheckFalse:1490 <- org.kanger.Mind.query:1671 <- org.kanger.stores.HypothesisStore.optimize:222 <- org.kanger.Mind.optimizeHypothesis:2084 <- org.kanger.WarmProfileRunner.main:55 <- 
CPU_PATH	8	org.kanger.Mind.isUnitDeleted:1900 <- org.kanger.units.TVariable.isDeleted:373 <- org.kanger.primitives.Argument.isDeleted:239 <- org.kanger.primitives.ArgumentsList.getTVariables:261 <- org.kanger.primitives.ArgumentsList.getStamp:354 <- org.kanger.primitives.ArgumentsList.equalsStamp:365 <- org.kanger.units.Domain.isCalculated:428 <- org.kanger.units.Domain.isCalculated:422 <- org.kanger.Linker.linkDatabase:1046 <- org.kanger.Linker.access$3:999 <- org.kanger.Linker$3.run:612 <- org.kanger.Linker.rotateVariables:638 <- org.kanger.Linker.access$5:635 <- org.kanger.Linker$4.run:651 <- org.kanger.factory.TValueFactory.forEach:487 <- org.kanger.Linker.rotateVariables:645 <- org.kanger.Linker.access$5:635 <- org.kanger.Linker$4.run:651 <- org.kanger.factory.TValueFactory.forEach:487 <- org.kanger.Linker.rotateVariables:645 <- org.kanger.Linker.access$5:635 <- org.kanger.Linker$4.run:651 <- org.kanger.factory.TValueFactory.forEach:487 <- org.kanger.Linker.rotateVariables:645 <- org.kanger.Linker.rotator:598 <- org.kanger.Linker.link:554 <- org.kanger.Mind.link:823 <- org.kanger.Mind.queryCheckFalse:1490 <- org.kanger.Mind.query:1671 <- org.kanger.stores.HypothesisStore.optimize:222 <- org.kanger.Mind.optimizeHypothesis:2084 <- org.kanger.WarmProfileRunner.main:55 <- 
CPU_PATH	8	org.kanger.units.Predicate.getName:136 <- org.kanger.units.Predicate.isSystem:332 <- org.kanger.units.Domain.isSystem:481 <- org.kanger.Linker.linkDatabase:1048 <- org.kanger.Linker.access$3:999 <- org.kanger.Linker$3.run:612 <- org.kanger.Linker.rotateVariables:638 <- org.kanger.Linker.access$5:635 <- org.kanger.Linker$4.run:651 <- org.kanger.factory.TValueFactory.forEach:487 <- org.kanger.Linker.rotateVariables:645 <- org.kanger.Linker.access$5:635 <- org.kanger.Linker$4.run:651 <- org.kanger.factory.TValueFactory.forEach:487 <- org.kanger.Linker.rotateVariables:645 <- org.kanger.Linker.rotator:598 <- org.kanger.Linker.link:555 <- org.kanger.Mind.link:823 <- org.kanger.Mind.queryCheckTrue:1565 <- org.kanger.Mind.query:1674 <- org.kanger.stores.HypothesisStore.optimize:222 <- org.kanger.Mind.optimizeHypothesis:2084 <- org.kanger.WarmProfileRunner.main:55 <- 
CPU_PATH	8	org.kanger.units.Predicate.getName:136 <- org.kanger.units.Predicate.isSystem:332 <- org.kanger.units.Domain.isSystem:481 <- org.kanger.Linker.checkSystem:1306 <- org.kanger.Linker.linkDatabase:1004 <- org.kanger.Linker.access$3:999 <- org.kanger.Linker$3.run:612 <- org.kanger.Linker.rotateVariables:638 <- org.kanger.Linker.access$5:635 <- org.kanger.Linker$4.run:651 <- org.kanger.factory.TValueFactory.forEach:487 <- org.kanger.Linker.rotateVariables:645 <- org.kanger.Linker.access$5:635 <- org.kanger.Linker$4.run:651 <- org.kanger.factory.TValueFactory.forEach:487 <- org.kanger.Linker.rotateVariables:645 <- org.kanger.Linker.rotator:598 <- org.kanger.Linker.link:555 <- org.kanger.Mind.link:823 <- org.kanger.Mind.queryCheckTrue:1565 <- org.kanger.Mind.query:1674 <- org.kanger.stores.HypothesisStore.optimize:222 <- org.kanger.Mind.optimizeHypothesis:2084 <- org.kanger.WarmProfileRunner.main:55 <- 
CPU_PATH	8	org.kanger.Mind.isUnitDeleted:1903 <- org.kanger.units.TVariable.isDeleted:373 <- org.kanger.primitives.Argument.isDeleted:239 <- org.kanger.primitives.ArgumentsList.getTVariables:260 <- org.kanger.units.Domain.setMind:563 <- org.kanger.units.CachedDomain.setMind:264 <- org.kanger.units.CachedDomain.setMind:1 <- org.kanger.units.Rule.setMind:390 <- org.kanger.units.Rule.setMind:1 <- org.kanger.storage.Step.getData:57 <- org.kanger.storage.Escalera.get:280 <- org.kanger.factory.RuleFactory.getRaw:664 <- org.kanger.factory.RuleFactory.get:675 <- org.kanger.factory.RuleFactory.findByResolvedDomain:503 <- org.kanger.Linker.selectDomainCandidates:389 <- org.kanger.Linker.access$1:377 <- org.kanger.Linker$3.run:604 <- org.kanger.Linker.rotateVariables:638 <- org.kanger.Linker.rotator:598 <- org.kanger.Linker.link:554 <- org.kanger.Mind.link:823 <- org.kanger.Mind.queryCheckFalse:1490 <- org.kanger.Mind.query:1671 <- org.kanger.stores.HypothesisStore.optimize:222 <- org.kanger.Mind.optimizeHypothesis:2084 <- org.kanger.WarmProfileRunner.main:55 <- 
CPU_PATH	8	org.kanger.units.TVariable.activeMind:117 <- org.kanger.units.TVariable.getMind:316 <- org.kanger.primitives.Argument.residentBaseTerm:138 <- org.kanger.primitives.ArgumentsList.equalsBase:174 <- org.kanger.units.Domain.isExcluded:377 <- org.kanger.units.Domain.isExcluded:386 <- org.kanger.Linker.linkDatabase:1052 <- org.kanger.Linker.access$3:999 <- org.kanger.Linker$3.run:612 <- org.kanger.Linker.rotateVariables:638 <- org.kanger.Linker.access$5:635 <- org.kanger.Linker$4.run:651 <- org.kanger.factory.TValueFactory.forEach:487 <- org.kanger.Linker.rotateVariables:645 <- org.kanger.Linker.access$5:635 <- org.kanger.Linker$4.run:651 <- org.kanger.factory.TValueFactory.forEach:487 <- org.kanger.Linker.rotateVariables:645 <- org.kanger.Linker.rotator:598 <- org.kanger.Linker.link:554 <- org.kanger.Mind.link:823 <- org.kanger.stores.HypothesisStore.optimize:216 <- org.kanger.Mind.optimizeHypothesis:2084 <- org.kanger.WarmProfileRunner.main:55 <- 
CPU_PATH	8	org.kanger.units.Predicate.getName:136 <- org.kanger.units.Predicate.isSystem:332 <- org.kanger.units.Domain.isSystem:481 <- org.kanger.Linker.linkDatabase:1048 <- org.kanger.Linker.access$3:999 <- org.kanger.Linker$3.run:612 <- org.kanger.Linker.rotateVariables:638 <- org.kanger.Linker.access$5:635 <- org.kanger.Linker$4.run:651 <- org.kanger.factory.TValueFactory.forEach:487 <- org.kanger.Linker.rotateVariables:645 <- org.kanger.Linker.access$5:635 <- org.kanger.Linker$4.run:651 <- org.kanger.factory.TValueFactory.forEach:487 <- org.kanger.Linker.rotateVariables:645 <- org.kanger.Linker.rotator:598 <- org.kanger.Linker.link:554 <- org.kanger.Mind.link:823 <- org.kanger.Mind.queryCheckFalse:1490 <- org.kanger.Mind.query:1671 <- org.kanger.stores.HypothesisStore.optimize:222 <- org.kanger.Mind.optimizeHypothesis:2084 <- org.kanger.WarmProfileRunner.main:55 <- 
CPU_PATH	7	org.kanger.units.Predicate.getName:136 <- org.kanger.units.Predicate.toString:194 <- org.kanger.Linker.linkDatabase:1042 <- org.kanger.Linker.access$3:999 <- org.kanger.Linker$3.run:612 <- org.kanger.Linker.rotateVariables:638 <- org.kanger.Linker.access$5:635 <- org.kanger.Linker$4.run:651 <- org.kanger.factory.TValueFactory.forEach:487 <- org.kanger.Linker.rotateVariables:645 <- org.kanger.Linker.access$5:635 <- org.kanger.Linker$4.run:651 <- org.kanger.factory.TValueFactory.forEach:487 <- org.kanger.Linker.rotateVariables:645 <- org.kanger.Linker.rotator:598 <- org.kanger.Linker.link:554 <- org.kanger.Mind.link:823 <- org.kanger.stores.HypothesisStore.optimize:216 <- org.kanger.Mind.optimizeHypothesis:2084 <- org.kanger.WarmProfileRunner.main:55 <- 
CPU_PATH	7	org.kanger.Mind.isUnitDeleted:1903 <- org.kanger.units.TVariable.isDeleted:373 <- org.kanger.primitives.Argument.isDeleted:239 <- org.kanger.primitives.ArgumentsList.getTVariables:261 <- org.kanger.primitives.ArgumentsList.getStamp:354 <- org.kanger.primitives.ArgumentsList.equalsStamp:365 <- org.kanger.units.Domain.isCalculated:428 <- org.kanger.units.Domain.isCalculated:422 <- org.kanger.Linker.linkDatabase:1046 <- org.kanger.Linker.access$3:999 <- org.kanger.Linker$3.run:612 <- org.kanger.Linker.rotateVariables:638 <- org.kanger.Linker.access$5:635 <- org.kanger.Linker$4.run:651 <- org.kanger.factory.TValueFactory.forEach:487 <- org.kanger.Linker.rotateVariables:645 <- org.kanger.Linker.access$5:635 <- org.kanger.Linker$4.run:651 <- org.kanger.factory.TValueFactory.forEach:487 <- org.kanger.Linker.rotateVariables:645 <- org.kanger.Linker.access$5:635 <- org.kanger.Linker$4.run:651 <- org.kanger.factory.TValueFactory.forEach:487 <- org.kanger.Linker.rotateVariables:645 <- org.kanger.Linker.rotator:598 <- org.kanger.Linker.link:554 <- org.kanger.Mind.link:823 <- org.kanger.Mind.queryCheckFalse:1490 <- org.kanger.Mind.query:1671 <- org.kanger.stores.HypothesisStore.optimize:222 <- org.kanger.Mind.optimizeHypothesis:2084 <- org.kanger.WarmProfileRunner.main:55 <- 
CPU_PATH	7	org.kanger.units.Predicate.getName:136 <- org.kanger.units.Predicate.isSystem:332 <- org.kanger.units.Domain.isSystem:481 <- org.kanger.Linker.checkSystem:1306 <- org.kanger.Linker.linkDatabase:1004 <- org.kanger.Linker.access$3:999 <- org.kanger.Linker$3.run:612 <- org.kanger.Linker.rotateVariables:638 <- org.kanger.Linker.access$5:635 <- org.kanger.Linker$4.run:651 <- org.kanger.factory.TValueFactory.forEach:487 <- org.kanger.Linker.rotateVariables:645 <- org.kanger.Linker.access$5:635 <- org.kanger.Linker$4.run:651 <- org.kanger.factory.TValueFactory.forEach:487 <- org.kanger.Linker.rotateVariables:645 <- org.kanger.Linker.rotator:598 <- org.kanger.Linker.link:554 <- org.kanger.Mind.link:823 <- org.kanger.stores.HypothesisStore.optimize:216 <- org.kanger.Mind.optimizeHypothesis:2084 <- org.kanger.WarmProfileRunner.main:55 <- 
CPU_PATH	7	org.kanger.Mind.isUnitDeleted:1903 <- org.kanger.units.TVariable.isDeleted:373 <- org.kanger.primitives.Argument.isDeleted:239 <- org.kanger.primitives.ArgumentsList.getTVariables:261 <- org.kanger.primitives.ArgumentsList.getStamp:354 <- org.kanger.primitives.ArgumentsList.equalsStamp:365 <- org.kanger.units.Domain.isCalculated:428 <- org.kanger.units.Domain.isCalculated:422 <- org.kanger.units.Domain.setCalculated:451 <- org.kanger.Linker.checkSystem:1325 <- org.kanger.Linker.linkDatabase:1004 <- org.kanger.Linker.access$3:999 <- org.kanger.Linker$3.run:612 <- org.kanger.Linker.rotateVariables:638 <- org.kanger.Linker.access$5:635 <- org.kanger.Linker$4.run:651 <- org.kanger.factory.TValueFactory.forEach:487 <- org.kanger.Linker.rotateVariables:645 <- org.kanger.Linker.access$5:635 <- org.kanger.Linker$4.run:651 <- org.kanger.factory.TValueFactory.forEach:487 <- org.kanger.Linker.rotateVariables:645 <- org.kanger.Linker.access$5:635 <- org.kanger.Linker$4.run:651 <- org.kanger.factory.TValueFactory.forEach:487 <- org.kanger.Linker.rotateVariables:645 <- org.kanger.Linker.rotator:598 <- org.kanger.Linker.link:555 <- org.kanger.Mind.link:823 <- org.kanger.Mind.queryCheckFalse:1490 <- org.kanger.Mind.query:1671 <- org.kanger.stores.HypothesisStore.optimize:222 <- org.kanger.Mind.optimizeHypothesis:2084 <- org.kanger.WarmProfileRunner.main:55 <- 
CPU_PATH	7	org.kanger.units.Domain.isExcluded:376 <- org.kanger.units.Domain.isExcluded:386 <- org.kanger.Linker.linkDatabase:1052 <- org.kanger.Linker.access$3:999 <- org.kanger.Linker$3.run:612 <- org.kanger.Linker.rotateVariables:638 <- org.kanger.Linker.access$5:635 <- org.kanger.Linker$4.run:651 <- org.kanger.factory.TValueFactory.forEach:487 <- org.kanger.Linker.rotateVariables:645 <- org.kanger.Linker.access$5:635 <- org.kanger.Linker$4.run:651 <- org.kanger.factory.TValueFactory.forEach:487 <- org.kanger.Linker.rotateVariables:645 <- org.kanger.Linker.rotator:598 <- org.kanger.Linker.link:555 <- org.kanger.Mind.link:823 <- org.kanger.Mind.queryCheckFalse:1490 <- org.kanger.Mind.query:1671 <- org.kanger.stores.HypothesisStore.optimize:222 <- org.kanger.Mind.optimizeHypothesis:2084 <- org.kanger.WarmProfileRunner.main:55 <- 
CPU_PATH	6	org.kanger.Mind.isUnitDeleted:1900 <- org.kanger.units.TVariable.isDeleted:373 <- org.kanger.primitives.Argument.isDeleted:239 <- org.kanger.primitives.ArgumentsList.getTVariables:261 <- org.kanger.units.Domain.setMind:563 <- org.kanger.units.CachedDomain.setMind:264 <- org.kanger.units.CachedDomain.setMind:1 <- org.kanger.units.Rule.setMind:390 <- org.kanger.units.Rule.setMind:1 <- org.kanger.storage.Step.getData:57 <- org.kanger.storage.Escalera.get:280 <- org.kanger.factory.RuleFactory.getRaw:664 <- org.kanger.factory.RuleFactory.get:675 <- org.kanger.factory.RuleFactory.findByResolvedDomain:503 <- org.kanger.Linker.selectDomainCandidates:389 <- org.kanger.Linker.access$1:377 <- org.kanger.Linker$3.run:604 <- org.kanger.Linker.rotateVariables:638 <- org.kanger.Linker.rotator:598 <- org.kanger.Linker.link:555 <- org.kanger.Mind.link:823 <- org.kanger.Mind.queryCheckFalse:1490 <- org.kanger.Mind.query:1671 <- org.kanger.stores.HypothesisStore.optimize:222 <- org.kanger.Mind.optimizeHypothesis:2084 <- org.kanger.WarmProfileRunner.main:55 <- 
CPU_PATH	6	org.kanger.units.Domain.isExcluded:376 <- org.kanger.units.Domain.isExcluded:386 <- org.kanger.Linker.linkDatabase:1052 <- org.kanger.Linker.access$3:999 <- org.kanger.Linker$3.run:612 <- org.kanger.Linker.rotateVariables:638 <- org.kanger.Linker.access$5:635 <- org.kanger.Linker$4.run:651 <- org.kanger.factory.TValueFactory.forEach:487 <- org.kanger.Linker.rotateVariables:645 <- org.kanger.Linker.access$5:635 <- org.kanger.Linker$4.run:651 <- org.kanger.factory.TValueFactory.forEach:487 <- org.kanger.Linker.rotateVariables:645 <- org.kanger.Linker.rotator:598 <- org.kanger.Linker.link:554 <- org.kanger.Mind.link:823 <- org.kanger.Mind.queryCheckFalse:1490 <- org.kanger.Mind.query:1671 <- org.kanger.stores.HypothesisStore.optimize:222 <- org.kanger.Mind.optimizeHypothesis:2084 <- org.kanger.WarmProfileRunner.main:55 <- 
CPU_PATH	6	org.kanger.Mind.isUnitDeleted:1900 <- org.kanger.units.TVariable.isDeleted:373 <- org.kanger.primitives.Argument.isDeleted:239 <- org.kanger.primitives.ArgumentsList.getTVariables:261 <- org.kanger.units.Domain.setMind:563 <- org.kanger.units.CachedDomain.setMind:264 <- org.kanger.units.CachedDomain.setMind:1 <- org.kanger.units.Rule.setMind:390 <- org.kanger.units.Rule.setMind:1 <- org.kanger.storage.Step.getData:57 <- org.kanger.storage.Escalera.get:280 <- org.kanger.factory.RuleFactory.getRaw:664 <- org.kanger.factory.RuleFactory.get:675 <- org.kanger.factory.RuleFactory.findByResolvedDomain:503 <- org.kanger.Linker.selectDomainCandidates:389 <- org.kanger.Linker.access$1:377 <- org.kanger.Linker$3.run:604 <- org.kanger.Linker.rotateVariables:638 <- org.kanger.Linker.rotator:598 <- org.kanger.Linker.link:554 <- org.kanger.Mind.link:823 <- org.kanger.Mind.queryCheckFalse:1490 <- org.kanger.Mind.query:1671 <- org.kanger.stores.HypothesisStore.optimize:222 <- org.kanger.Mind.optimizeHypothesis:2084 <- org.kanger.WarmProfileRunner.main:55 <- 
CPU_PATH	6	org.kanger.Mind.isUnitDeleted:1900 <- org.kanger.units.TVariable.isDeleted:373 <- org.kanger.primitives.Argument.isDeleted:239 <- org.kanger.primitives.ArgumentsList.getTVariables:260 <- org.kanger.units.Domain.setMind:563 <- org.kanger.units.CachedDomain.setMind:264 <- org.kanger.units.CachedDomain.setMind:1 <- org.kanger.units.Rule.setMind:390 <- org.kanger.units.Rule.setMind:1 <- org.kanger.storage.Step.getData:57 <- org.kanger.storage.Escalera.get:280 <- org.kanger.factory.RuleFactory.getRaw:664 <- org.kanger.factory.RuleFactory.get:675 <- org.kanger.factory.RuleFactory.findByResolvedDomain:503 <- org.kanger.Linker.selectDomainCandidates:389 <- org.kanger.Linker.access$1:377 <- org.kanger.Linker$3.run:604 <- org.kanger.Linker.rotateVariables:638 <- org.kanger.Linker.rotator:598 <- org.kanger.Linker.link:555 <- org.kanger.Mind.link:823 <- org.kanger.Mind.queryCheckFalse:1490 <- org.kanger.Mind.query:1671 <- org.kanger.stores.HypothesisStore.optimize:222 <- org.kanger.Mind.optimizeHypothesis:2084 <- org.kanger.WarmProfileRunner.main:55 <- 
CPU_PATH	6	org.kanger.storage.Escalera.findCandidates:433 <- org.kanger.factory.RuleFactory.find:910 <- org.kanger.units.Domain.isStored:460 <- org.kanger.Linker.linkDatabase:1057 <- org.kanger.Linker.access$3:999 <- org.kanger.Linker$3.run:612 <- org.kanger.Linker.rotateVariables:638 <- org.kanger.Linker.access$5:635 <- org.kanger.Linker$4.run:651 <- org.kanger.factory.TValueFactory.forEach:487 <- org.kanger.Linker.rotateVariables:645 <- org.kanger.Linker.access$5:635 <- org.kanger.Linker$4.run:651 <- org.kanger.factory.TValueFactory.forEach:487 <- org.kanger.Linker.rotateVariables:645 <- org.kanger.Linker.rotator:598 <- org.kanger.Linker.link:555 <- org.kanger.Mind.link:823 <- org.kanger.Mind.queryCheckFalse:1490 <- org.kanger.Mind.query:1671 <- org.kanger.stores.HypothesisStore.optimize:222 <- org.kanger.Mind.optimizeHypothesis:2084 <- org.kanger.WarmProfileRunner.main:55 <- 
CPU_PATH	6	org.kanger.units.TVariable.activeMind:117 <- org.kanger.units.TVariable.getMind:316 <- org.kanger.primitives.Argument.residentBaseTerm:138 <- org.kanger.primitives.ArgumentsList.equalsBase:174 <- org.kanger.units.Domain.isExcluded:377 <- org.kanger.units.Domain.isExcluded:386 <- org.kanger.Linker.linkDatabase:1052 <- org.kanger.Linker.access$3:999 <- org.kanger.Linker$3.run:612 <- org.kanger.Linker.rotateVariables:638 <- org.kanger.Linker.access$5:635 <- org.kanger.Linker$4.run:651 <- org.kanger.factory.TValueFactory.forEach:487 <- org.kanger.Linker.rotateVariables:645 <- org.kanger.Linker.access$5:635 <- org.kanger.Linker$4.run:651 <- org.kanger.factory.TValueFactory.forEach:487 <- org.kanger.Linker.rotateVariables:645 <- org.kanger.Linker.rotator:598 <- org.kanger.Linker.link:555 <- org.kanger.Mind.link:823 <- org.kanger.Mind.queryCheckFalse:1490 <- org.kanger.Mind.query:1671 <- org.kanger.stores.HypothesisStore.optimize:222 <- org.kanger.Mind.optimizeHypothesis:2084 <- org.kanger.WarmProfileRunner.main:55 <- 
CPU_PATH	6	org.kanger.Mind.isUnitDeleted:1900 <- org.kanger.units.TVariable.isDeleted:373 <- org.kanger.primitives.Argument.isDeleted:239 <- org.kanger.primitives.ArgumentsList.getTVariables:260 <- org.kanger.primitives.ArgumentsList.getStamp:354 <- org.kanger.primitives.ArgumentsList.equalsStamp:365 <- org.kanger.units.Domain.isCalculated:428 <- org.kanger.units.Domain.isCalculated:422 <- org.kanger.units.Domain.setCalculated:451 <- org.kanger.Linker.checkSystem:1325 <- org.kanger.Linker.linkDatabase:1004 <- org.kanger.Linker.access$3:999 <- org.kanger.Linker$3.run:612 <- org.kanger.Linker.rotateVariables:638 <- org.kanger.Linker.access$5:635 <- org.kanger.Linker$4.run:651 <- org.kanger.factory.TValueFactory.forEach:487 <- org.kanger.Linker.rotateVariables:645 <- org.kanger.Linker.access$5:635 <- org.kanger.Linker$4.run:651 <- org.kanger.factory.TValueFactory.forEach:487 <- org.kanger.Linker.rotateVariables:645 <- org.kanger.Linker.access$5:635 <- org.kanger.Linker$4.run:651 <- org.kanger.factory.TValueFactory.forEach:487 <- org.kanger.Linker.rotateVariables:645 <- org.kanger.Linker.rotator:598 <- org.kanger.Linker.link:554 <- org.kanger.Mind.link:823 <- org.kanger.Mind.queryCheckFalse:1490 <- org.kanger.Mind.query:1671 <- org.kanger.stores.HypothesisStore.optimize:222 <- org.kanger.Mind.optimizeHypothesis:2084 <- org.kanger.WarmProfileRunner.main:55 <- 
CPU_PATH	6	org.kanger.units.TVariable.activeMind:117 <- org.kanger.units.TVariable.getMind:316 <- org.kanger.primitives.Argument.residentBaseTerm:138 <- org.kanger.primitives.ArgumentsList.equalsBase:173 <- org.kanger.units.Domain.isExcluded:377 <- org.kanger.units.Domain.isExcluded:386 <- org.kanger.Linker.linkDatabase:1052 <- org.kanger.Linker.access$3:999 <- org.kanger.Linker$3.run:612 <- org.kanger.Linker.rotateVariables:638 <- org.kanger.Linker.access$5:635 <- org.kanger.Linker$4.run:651 <- org.kanger.factory.TValueFactory.forEach:487 <- org.kanger.Linker.rotateVariables:645 <- org.kanger.Linker.access$5:635 <- org.kanger.Linker$4.run:651 <- org.kanger.factory.TValueFactory.forEach:487 <- org.kanger.Linker.rotateVariables:645 <- org.kanger.Linker.rotator:598 <- org.kanger.Linker.link:555 <- org.kanger.Mind.link:823 <- org.kanger.Mind.queryCheckTrue:1565 <- org.kanger.Mind.query:1674 <- org.kanger.stores.HypothesisStore.optimize:222 <- org.kanger.Mind.optimizeHypothesis:2084 <- org.kanger.WarmProfileRunner.main:55 <- 
CPU_PATH	6	org.kanger.Mind.isUnitDeleted:1903 <- org.kanger.units.TVariable.isDeleted:373 <- org.kanger.primitives.Argument.isDeleted:239 <- org.kanger.primitives.ArgumentsList.getTVariables:261 <- org.kanger.units.Domain.setMind:563 <- org.kanger.units.CachedDomain.setMind:264 <- org.kanger.units.CachedDomain.setMind:1 <- org.kanger.units.Rule.setMind:390 <- org.kanger.units.Rule.setMind:1 <- org.kanger.storage.Step.getData:57 <- org.kanger.storage.Escalera.get:280 <- org.kanger.factory.RuleFactory.getRaw:664 <- org.kanger.factory.RuleFactory.get:675 <- org.kanger.factory.RuleFactory.findByResolvedDomain:503 <- org.kanger.Linker.selectDomainCandidates:389 <- org.kanger.Linker.access$1:377 <- org.kanger.Linker$3.run:604 <- org.kanger.Linker.rotateVariables:638 <- org.kanger.Linker.rotator:598 <- org.kanger.Linker.link:555 <- org.kanger.Mind.link:823 <- org.kanger.stores.HypothesisStore.optimize:216 <- org.kanger.Mind.optimizeHypothesis:2084 <- org.kanger.WarmProfileRunner.main:55 <- 
CPU_PATH	6	org.kanger.units.TVariable.setMind:324 <- org.kanger.units.Domain.setMind:564 <- org.kanger.units.CachedDomain.setMind:264 <- org.kanger.units.CachedDomain.setMind:1 <- org.kanger.units.Rule.setMind:390 <- org.kanger.units.Rule.setMind:1 <- org.kanger.storage.Step.getData:57 <- org.kanger.storage.Escalera.get:280 <- org.kanger.factory.RuleFactory.getRaw:664 <- org.kanger.factory.RuleFactory.get:675 <- org.kanger.factory.RuleFactory.findByResolvedDomain:503 <- org.kanger.Linker.selectDomainCandidates:389 <- org.kanger.Linker.access$1:377 <- org.kanger.Linker$3.run:604 <- org.kanger.Linker.rotateVariables:638 <- org.kanger.Linker.rotator:598 <- org.kanger.Linker.link:554 <- org.kanger.Mind.link:823 <- org.kanger.Mind.queryCheckFalse:1490 <- org.kanger.Mind.query:1671 <- org.kanger.stores.HypothesisStore.optimize:222 <- org.kanger.Mind.optimizeHypothesis:2084 <- org.kanger.WarmProfileRunner.main:55 <- 
CPU_PATH	6	org.kanger.units.Predicate.getName:136 <- org.kanger.units.Predicate.isSystem:332 <- org.kanger.units.Domain.isSystem:481 <- org.kanger.Linker.checkSystem:1306 <- org.kanger.Linker.linkDatabase:1004 <- org.kanger.Linker.access$3:999 <- org.kanger.Linker$3.run:612 <- org.kanger.Linker.rotateVariables:638 <- org.kanger.Linker.access$5:635 <- org.kanger.Linker$4.run:651 <- org.kanger.factory.TValueFactory.forEach:487 <- org.kanger.Linker.rotateVariables:645 <- org.kanger.Linker.access$5:635 <- org.kanger.Linker$4.run:651 <- org.kanger.factory.TValueFactory.forEach:487 <- org.kanger.Linker.rotateVariables:645 <- org.kanger.Linker.access$5:635 <- org.kanger.Linker$4.run:651 <- org.kanger.factory.TValueFactory.forEach:487 <- org.kanger.Linker.rotateVariables:645 <- org.kanger.Linker.rotator:598 <- org.kanger.Linker.link:554 <- org.kanger.Mind.link:823 <- org.kanger.Mind.queryCheckFalse:1490 <- org.kanger.Mind.query:1671 <- org.kanger.stores.HypothesisStore.optimize:222 <- org.kanger.Mind.optimizeHypothesis:2084 <- org.kanger.WarmProfileRunner.main:55 <- 
CPU_PATH	6	org.kanger.units.Predicate.getName:136 <- org.kanger.units.Predicate.isSystem:332 <- org.kanger.units.Domain.isSystem:481 <- org.kanger.Linker.linkDatabase:1048 <- org.kanger.Linker.access$3:999 <- org.kanger.Linker$3.run:612 <- org.kanger.Linker.rotateVariables:638 <- org.kanger.Linker.access$5:635 <- org.kanger.Linker$4.run:651 <- org.kanger.factory.TValueFactory.forEach:487 <- org.kanger.Linker.rotateVariables:645 <- org.kanger.Linker.access$5:635 <- org.kanger.Linker$4.run:651 <- org.kanger.factory.TValueFactory.forEach:487 <- org.kanger.Linker.rotateVariables:645 <- org.kanger.Linker.rotator:598 <- org.kanger.Linker.link:555 <- org.kanger.Mind.link:823 <- org.kanger.Mind.queryCheckFalse:1490 <- org.kanger.Mind.query:1671 <- org.kanger.stores.HypothesisStore.optimize:222 <- org.kanger.Mind.optimizeHypothesis:2084 <- org.kanger.WarmProfileRunner.main:55 <- 
CPU_PATH	6	org.kanger.units.Domain.isExcluded:376 <- org.kanger.units.Domain.isExcluded:386 <- org.kanger.Linker.linkDatabase:1052 <- org.kanger.Linker.access$3:999 <- org.kanger.Linker$3.run:612 <- org.kanger.Linker.rotateVariables:638 <- org.kanger.Linker.access$5:635 <- org.kanger.Linker$4.run:651 <- org.kanger.factory.TValueFactory.forEach:487 <- org.kanger.Linker.rotateVariables:645 <- org.kanger.Linker.access$5:635 <- org.kanger.Linker$4.run:651 <- org.kanger.factory.TValueFactory.forEach:487 <- org.kanger.Linker.rotateVariables:645 <- org.kanger.Linker.rotator:598 <- org.kanger.Linker.link:554 <- org.kanger.Mind.link:823 <- org.kanger.stores.HypothesisStore.optimize:216 <- org.kanger.Mind.optimizeHypothesis:2084 <- org.kanger.WarmProfileRunner.main:55 <- 
CPU_PATH	6	org.kanger.Mind.isUnitDeleted:1903 <- org.kanger.units.TVariable.isDeleted:373 <- org.kanger.primitives.Argument.isDeleted:239 <- org.kanger.primitives.ArgumentsList.getTVariables:260 <- org.kanger.units.Domain.setMind:563 <- org.kanger.units.CachedDomain.setMind:264 <- org.kanger.units.CachedDomain.setMind:1 <- org.kanger.units.Rule.setMind:390 <- org.kanger.units.Rule.setMind:1 <- org.kanger.storage.Step.getData:57 <- org.kanger.storage.Escalera.get:280 <- org.kanger.factory.RuleFactory.getRaw:664 <- org.kanger.factory.RuleFactory.get:675 <- org.kanger.factory.RuleFactory.findByResolvedDomain:503 <- org.kanger.Linker.selectDomainCandidates:389 <- org.kanger.Linker.access$1:377 <- org.kanger.Linker$3.run:604 <- org.kanger.Linker.rotateVariables:638 <- org.kanger.Linker.rotator:598 <- org.kanger.Linker.link:554 <- org.kanger.Mind.link:823 <- org.kanger.stores.HypothesisStore.optimize:216 <- org.kanger.Mind.optimizeHypothesis:2084 <- org.kanger.WarmProfileRunner.main:55 <- 
CPU_PATH	6	org.kanger.Mind.isUnitDeleted:1900 <- org.kanger.units.TVariable.isDeleted:373 <- org.kanger.primitives.Argument.isDeleted:239 <- org.kanger.primitives.ArgumentsList.getTVariables:260 <- org.kanger.primitives.ArgumentsList.getStamp:354 <- org.kanger.primitives.ArgumentsList.equalsStamp:365 <- org.kanger.units.Domain.isCalculated:428 <- org.kanger.units.Domain.isCalculated:422 <- org.kanger.Linker.linkDatabase:1046 <- org.kanger.Linker.access$3:999 <- org.kanger.Linker$3.run:612 <- org.kanger.Linker.rotateVariables:638 <- org.kanger.Linker.access$5:635 <- org.kanger.Linker$4.run:651 <- org.kanger.factory.TValueFactory.forEach:487 <- org.kanger.Linker.rotateVariables:645 <- org.kanger.Linker.access$5:635 <- org.kanger.Linker$4.run:651 <- org.kanger.factory.TValueFactory.forEach:487 <- org.kanger.Linker.rotateVariables:645 <- org.kanger.Linker.access$5:635 <- org.kanger.Linker$4.run:651 <- org.kanger.factory.TValueFactory.forEach:487 <- org.kanger.Linker.rotateVariables:645 <- org.kanger.Linker.rotator:598 <- org.kanger.Linker.link:555 <- org.kanger.Mind.link:823 <- org.kanger.Mind.queryCheckFalse:1490 <- org.kanger.Mind.query:1671 <- org.kanger.stores.HypothesisStore.optimize:222 <- org.kanger.Mind.optimizeHypothesis:2084 <- org.kanger.WarmProfileRunner.main:55 <- 
CPU_PATH	6	org.kanger.units.TVariable.setMind:324 <- org.kanger.units.Domain.setMind:564 <- org.kanger.units.CachedDomain.setMind:264 <- org.kanger.units.CachedDomain.setMind:1 <- org.kanger.units.Rule.setMind:390 <- org.kanger.units.Rule.setMind:1 <- org.kanger.storage.Step.getData:57 <- org.kanger.storage.Escalera.get:280 <- org.kanger.factory.RuleFactory.getRaw:664 <- org.kanger.factory.RuleFactory.get:675 <- org.kanger.factory.RuleFactory.findByResolvedDomain:503 <- org.kanger.Linker.selectDomainCandidates:389 <- org.kanger.Linker.access$1:377 <- org.kanger.Linker$3.run:604 <- org.kanger.Linker.rotateVariables:638 <- org.kanger.Linker.rotator:598 <- org.kanger.Linker.link:554 <- org.kanger.Mind.link:823 <- org.kanger.stores.HypothesisStore.optimize:216 <- org.kanger.Mind.optimizeHypothesis:2084 <- org.kanger.WarmProfileRunner.main:55 <- 
CPU_PATH	5	org.kanger.units.TVariable.activeMind:117 <- org.kanger.units.TVariable.getMind:316 <- org.kanger.primitives.Argument.residentBaseTerm:138 <- org.kanger.primitives.ArgumentsList.equalsBase:173 <- org.kanger.units.Domain.isExcluded:377 <- org.kanger.units.Domain.isExcluded:386 <- org.kanger.Linker.linkDatabase:1052 <- org.kanger.Linker.access$3:999 <- org.kanger.Linker$3.run:612 <- org.kanger.Linker.rotateVariables:638 <- org.kanger.Linker.access$5:635 <- org.kanger.Linker$4.run:651 <- org.kanger.factory.TValueFactory.forEach:487 <- org.kanger.Linker.rotateVariables:645 <- org.kanger.Linker.access$5:635 <- org.kanger.Linker$4.run:651 <- org.kanger.factory.TValueFactory.forEach:487 <- org.kanger.Linker.rotateVariables:645 <- org.kanger.Linker.rotator:598 <- org.kanger.Linker.link:555 <- org.kanger.Mind.link:823 <- org.kanger.Mind.queryCheckFalse:1490 <- org.kanger.Mind.query:1671 <- org.kanger.stores.HypothesisStore.optimize:222 <- org.kanger.Mind.optimizeHypothesis:2084 <- org.kanger.WarmProfileRunner.main:55 <- 
CPU_PATH	5	org.kanger.storage.Escalera.findCandidates:433 <- org.kanger.factory.RuleFactory.find:910 <- org.kanger.units.Domain.isStored:460 <- org.kanger.Linker.linkDatabase:1057 <- org.kanger.Linker.access$3:999 <- org.kanger.Linker$3.run:612 <- org.kanger.Linker.rotateVariables:638 <- org.kanger.Linker.access$5:635 <- org.kanger.Linker$4.run:651 <- org.kanger.factory.TValueFactory.forEach:487 <- org.kanger.Linker.rotateVariables:645 <- org.kanger.Linker.access$5:635 <- org.kanger.Linker$4.run:651 <- org.kanger.factory.TValueFactory.forEach:487 <- org.kanger.Linker.rotateVariables:645 <- org.kanger.Linker.rotator:598 <- org.kanger.Linker.link:554 <- org.kanger.Mind.link:823 <- org.kanger.Mind.queryCheckTrue:1565 <- org.kanger.Mind.query:1674 <- org.kanger.stores.HypothesisStore.optimize:222 <- org.kanger.Mind.optimizeHypothesis:2084 <- org.kanger.WarmProfileRunner.main:55 <- 
CPU_PATH	5	org.kanger.Mind.isUnitDeleted:1900 <- org.kanger.units.TVariable.isDeleted:373 <- org.kanger.primitives.Argument.isDeleted:239 <- org.kanger.primitives.ArgumentsList.getTVariables:260 <- org.kanger.units.Domain.setMind:563 <- org.kanger.units.CachedDomain.setMind:264 <- org.kanger.units.CachedDomain.setMind:1 <- org.kanger.units.Rule.setMind:390 <- org.kanger.units.Rule.setMind:1 <- org.kanger.storage.Step.getData:57 <- org.kanger.storage.Escalera.get:280 <- org.kanger.factory.RuleFactory.getRaw:664 <- org.kanger.factory.RuleFactory.get:675 <- org.kanger.factory.RuleFactory.findByResolvedDomain:503 <- org.kanger.Linker.selectDomainCandidates:389 <- org.kanger.Linker.access$1:377 <- org.kanger.Linker$3.run:604 <- org.kanger.Linker.rotateVariables:638 <- org.kanger.Linker.rotator:598 <- org.kanger.Linker.link:554 <- org.kanger.Mind.link:823 <- org.kanger.Mind.queryCheckTrue:1565 <- org.kanger.Mind.query:1674 <- org.kanger.stores.HypothesisStore.optimize:222 <- org.kanger.Mind.optimizeHypothesis:2084 <- org.kanger.WarmProfileRunner.main:55 <- 
CPU_PATH	5	org.kanger.units.Domain.setMind:563 <- org.kanger.units.CachedDomain.setMind:264 <- org.kanger.units.CachedDomain.setMind:1 <- org.kanger.units.Rule.setMind:390 <- org.kanger.units.Rule.setMind:1 <- org.kanger.storage.Step.getData:57 <- org.kanger.storage.Escalera.get:280 <- org.kanger.factory.RuleFactory.getRaw:664 <- org.kanger.factory.RuleFactory.get:675 <- org.kanger.factory.RuleFactory.findByResolvedDomain:503 <- org.kanger.Linker.selectDomainCandidates:389 <- org.kanger.Linker.access$1:377 <- org.kanger.Linker$3.run:604 <- org.kanger.Linker.rotateVariables:638 <- org.kanger.Linker.rotator:598 <- org.kanger.Linker.link:555 <- org.kanger.Mind.link:823 <- org.kanger.Mind.queryCheckFalse:1490 <- org.kanger.Mind.query:1671 <- org.kanger.stores.HypothesisStore.optimize:222 <- org.kanger.Mind.optimizeHypothesis:2084 <- org.kanger.WarmProfileRunner.main:55 <- 
CPU_PATH	5	org.kanger.Mind.isUnitDeleted:1900 <- org.kanger.units.TVariable.isDeleted:373 <- org.kanger.primitives.Argument.isDeleted:239 <- org.kanger.primitives.ArgumentsList.getTVariables:260 <- org.kanger.units.Domain.setMind:563 <- org.kanger.units.CachedDomain.setMind:264 <- org.kanger.units.CachedDomain.setMind:1 <- org.kanger.units.Rule.setMind:390 <- org.kanger.units.Rule.setMind:1 <- org.kanger.storage.Step.getData:57 <- org.kanger.storage.Escalera.get:280 <- org.kanger.factory.RuleFactory.getRaw:664 <- org.kanger.factory.RuleFactory.get:675 <- org.kanger.factory.RuleFactory.findByResolvedDomain:503 <- org.kanger.Linker.selectDomainCandidates:389 <- org.kanger.Linker.access$1:377 <- org.kanger.Linker$3.run:604 <- org.kanger.Linker.rotateVariables:638 <- org.kanger.Linker.rotator:598 <- org.kanger.Linker.link:555 <- org.kanger.Mind.link:823 <- org.kanger.Mind.queryCheckTrue:1565 <- org.kanger.Mind.query:1674 <- org.kanger.stores.HypothesisStore.optimize:222 <- org.kanger.Mind.optimizeHypothesis:2084 <- org.kanger.WarmProfileRunner.main:55 <- 
CPU_PATH	5	org.kanger.units.TVariable.activeMind:117 <- org.kanger.units.TVariable.getMind:316 <- org.kanger.primitives.Argument.residentBaseTerm:138 <- org.kanger.primitives.ArgumentsList.equalsBase:173 <- org.kanger.units.Domain.isExcluded:377 <- org.kanger.units.Domain.isExcluded:386 <- org.kanger.Linker.linkDatabase:1052 <- org.kanger.Linker.access$3:999 <- org.kanger.Linker$3.run:612 <- org.kanger.Linker.rotateVariables:638 <- org.kanger.Linker.access$5:635 <- org.kanger.Linker$4.run:651 <- org.kanger.factory.TValueFactory.forEach:487 <- org.kanger.Linker.rotateVariables:645 <- org.kanger.Linker.access$5:635 <- org.kanger.Linker$4.run:651 <- org.kanger.factory.TValueFactory.forEach:487 <- org.kanger.Linker.rotateVariables:645 <- org.kanger.Linker.rotator:598 <- org.kanger.Linker.link:555 <- org.kanger.Mind.link:823 <- org.kanger.stores.HypothesisStore.optimize:216 <- org.kanger.Mind.optimizeHypothesis:2084 <- org.kanger.WarmProfileRunner.main:55 <- 
CPU_PATH	5	org.kanger.primitives.TVariableSet.hashCode:59 <- org.kanger.Linker.isValidFor:699 <- org.kanger.Linker.access$4:690 <- org.kanger.Linker$4.run:650 <- org.kanger.factory.TValueFactory.forEach:487 <- org.kanger.Linker.rotateVariables:645 <- org.kanger.Linker.access$5:635 <- org.kanger.Linker$4.run:651 <- org.kanger.factory.TValueFactory.forEach:487 <- org.kanger.Linker.rotateVariables:645 <- org.kanger.Linker.access$5:635 <- org.kanger.Linker$4.run:651 <- org.kanger.factory.TValueFactory.forEach:487 <- org.kanger.Linker.rotateVariables:645 <- org.kanger.Linker.rotator:598 <- org.kanger.Linker.link:554 <- org.kanger.Mind.link:823 <- org.kanger.Mind.queryCheckFalse:1490 <- org.kanger.Mind.query:1671 <- org.kanger.stores.HypothesisStore.optimize:222 <- org.kanger.Mind.optimizeHypothesis:2084 <- org.kanger.WarmProfileRunner.main:55 <- 
CPU_PATH	5	org.kanger.units.Predicate.getName:136 <- org.kanger.units.Predicate.isSystem:332 <- org.kanger.units.Domain.isSystem:481 <- org.kanger.Linker.linkDatabase:1048 <- org.kanger.Linker.access$3:999 <- org.kanger.Linker$3.run:612 <- org.kanger.Linker.rotateVariables:638 <- org.kanger.Linker.access$5:635 <- org.kanger.Linker$4.run:651 <- org.kanger.factory.TValueFactory.forEach:487 <- org.kanger.Linker.rotateVariables:645 <- org.kanger.Linker.access$5:635 <- org.kanger.Linker$4.run:651 <- org.kanger.factory.TValueFactory.forEach:487 <- org.kanger.Linker.rotateVariables:645 <- org.kanger.Linker.rotator:598 <- org.kanger.Linker.link:555 <- org.kanger.Mind.link:823 <- org.kanger.stores.HypothesisStore.optimize:216 <- org.kanger.Mind.optimizeHypothesis:2084 <- org.kanger.WarmProfileRunner.main:55 <- 
CPU_PATH	5	org.kanger.units.TVariable.activeMind:117 <- org.kanger.units.TVariable.getMind:316 <- org.kanger.primitives.Argument.residentBaseTerm:138 <- org.kanger.primitives.ArgumentsList.equalsBase:174 <- org.kanger.units.Domain.isExcluded:377 <- org.kanger.units.Domain.isExcluded:386 <- org.kanger.Linker.linkDatabase:1052 <- org.kanger.Linker.access$3:999 <- org.kanger.Linker$3.run:612 <- org.kanger.Linker.rotateVariables:638 <- org.kanger.Linker.access$5:635 <- org.kanger.Linker$4.run:651 <- org.kanger.factory.TValueFactory.forEach:487 <- org.kanger.Linker.rotateVariables:645 <- org.kanger.Linker.access$5:635 <- org.kanger.Linker$4.run:651 <- org.kanger.factory.TValueFactory.forEach:487 <- org.kanger.Linker.rotateVariables:645 <- org.kanger.Linker.rotator:598 <- org.kanger.Linker.link:555 <- org.kanger.Mind.link:823 <- org.kanger.stores.HypothesisStore.optimize:216 <- org.kanger.Mind.optimizeHypothesis:2084 <- org.kanger.WarmProfileRunner.main:55 <- 
CPU_PATH	5	org.kanger.factory.TValueFactory.collectIds:260 <- org.kanger.factory.TValueFactory.forEach:483 <- org.kanger.Linker.rotateVariables:645 <- org.kanger.Linker.access$5:635 <- org.kanger.Linker$4.run:651 <- org.kanger.factory.TValueFactory.forEach:487 <- org.kanger.Linker.rotateVariables:645 <- org.kanger.Linker.rotator:598 <- org.kanger.Linker.link:555 <- org.kanger.Mind.link:823 <- org.kanger.Mind.queryCheckFalse:1490 <- org.kanger.Mind.query:1671 <- org.kanger.stores.HypothesisStore.optimize:222 <- org.kanger.Mind.optimizeHypothesis:2084 <- org.kanger.WarmProfileRunner.main:55 <- 
CPU_PATH	5	org.kanger.factory.RuleCandidateIndex.collectResolvedLocal:634 <- org.kanger.factory.RuleFactory.collectResolvedCandidateIds:490 <- org.kanger.factory.RuleFactory.collectResolvedCandidateIds:487 <- org.kanger.factory.RuleFactory.collectResolvedCandidateIds:487 <- org.kanger.factory.RuleFactory.findByResolvedDomain:500 <- org.kanger.Linker.selectDomainCandidates:389 <- org.kanger.Linker.access$1:377 <- org.kanger.Linker$3.run:604 <- org.kanger.Linker.rotateVariables:638 <- org.kanger.Linker.rotator:598 <- org.kanger.Linker.link:554 <- org.kanger.Mind.link:823 <- org.kanger.Mind.queryCheckTrue:1565 <- org.kanger.Mind.query:1674 <- org.kanger.stores.HypothesisStore.optimize:222 <- org.kanger.Mind.optimizeHypothesis:2084 <- org.kanger.WarmProfileRunner.main:55 <- 
ALLOC_CLASS_WEIGHT	2397482800	[Ljava.lang.Object;
ALLOC_CLASS_WEIGHT	1601032048	java.util.ArrayList
ALLOC_CLASS_WEIGHT	1479763560	[B
ALLOC_CLASS_WEIGHT	1219921936	java.util.TreeMap$KeyIterator
ALLOC_CLASS_WEIGHT	1179367800	java.util.HashMap$Node
ALLOC_CLASS_WEIGHT	1124324568	java.util.HashMap
ALLOC_CLASS_WEIGHT	1094973936	java.util.HashMap$KeyIterator
ALLOC_CLASS_WEIGHT	902620536	[Ljava.util.HashMap$Node;
ALLOC_CLASS_WEIGHT	751491832	java.util.ArrayList$Itr
ALLOC_CLASS_WEIGHT	751084224	java.lang.ref.WeakReference
ALLOC_CLASS_WEIGHT	689051088	java.util.LinkedHashMap$Entry
ALLOC_CLASS_WEIGHT	666100968	java.lang.String
ALLOC_CLASS_WEIGHT	553128320	java.util.HashSet
ALLOC_CLASS_WEIGHT	502948832	java.lang.Long
ALLOC_CLASS_WEIGHT	441547528	java.lang.StringBuilder
ALLOC_CLASS_WEIGHT	425736120	java.lang.Integer
ALLOC_CLASS_WEIGHT	384682656	java.util.LinkedHashMap$LinkedKeyIterator
ALLOC_CLASS_WEIGHT	307321632	java.util.TreeMap$AscendingSubMap
ALLOC_CLASS_WEIGHT	258056104	java.util.TreeMap$AscendingSubMap$AscendingEntrySetView
ALLOC_CLASS_WEIGHT	241858336	java.util.TreeMap$Entry
ALLOC_CLASS_WEIGHT	235962808	java.util.Collections$SingletonList
ALLOC_CLASS_WEIGHT	208948952	java.util.TreeMap$KeySet
ALLOC_CLASS_WEIGHT	206200272	java.util.LinkedHashMap$LinkedKeySet
ALLOC_CLASS_WEIGHT	183990104	org.kanger.primitives.ArgumentsList
ALLOC_CLASS_WEIGHT	166506176	java.util.TreeSet
ALLOC_CLASS_WEIGHT	159071072	java.util.Collections$1
ALLOC_CLASS_WEIGHT	158668256	java.util.concurrent.CopyOnWriteArrayList$COWIterator
ALLOC_CLASS_WEIGHT	158130392	java.util.TreeMap$NavigableSubMap$SubMapKeyIterator
ALLOC_CLASS_WEIGHT	152752424	java.util.LinkedHashMap
ALLOC_CLASS_WEIGHT	120936840	org.kanger.primitives.Argument
ALLOC_CLASS_WEIGHT	77383072	[Z
ALLOC_CLASS_WEIGHT	75411936	org.kanger.storage.Escalera$Checkpoint
ALLOC_CLASS_WEIGHT	74040264	org.kanger.primitives.Cause
ALLOC_CLASS_WEIGHT	70100224	[Lorg.kanger.units.TValue;
ALLOC_CLASS_WEIGHT	61629792	java.util.HashMap$KeySet
ALLOC_CLASS_WEIGHT	60767928	java.util.LinkedHashSet
ALLOC_CLASS_WEIGHT	46895328	java.util.TreeMap
ALLOC_CLASS_WEIGHT	41178384	[J
ALLOC_CLASS_WEIGHT	38229976	[Ljava.lang.Long;
ALLOC_CLASS_WEIGHT	38229960	org.kanger.factory.RuleCandidateIndex$SignatureKey
ALLOC_CLASS_WEIGHT	37706136	java.text.ParseException
ALLOC_CLASS_WEIGHT	34039368	org.kanger.primitives.Solve
ALLOC_CLASS_WEIGHT	32828320	org.kanger.Linker$DomainKey
ALLOC_CLASS_WEIGHT	30217248	[I
ALLOC_CLASS_WEIGHT	22518744	org.kanger.Linker$4
ALLOC_CLASS_WEIGHT	19376720	org.kanger.Linker$3
ALLOC_CLASS_WEIGHT	17805576	org.kanger.Linker$DeferredSolveCandidate
ALLOC_CLASS_WEIGHT	15710824	org.kanger.factory.RuleCandidateIndex$BatchKey
ALLOC_CLASS_WEIGHT	15579152	org.kanger.units.TSolve
ALLOC_CLASS_WEIGHT	14119128	java.text.ParsePosition
ALLOC_CLASS_WEIGHT	9950376	[S
ALLOC_CLASS_WEIGHT	7331840	java.util.HashMap$EntrySet
ALLOC_CLASS_WEIGHT	6809760	org.kanger.primitives.TVariableSet
ALLOC_CLASS_WEIGHT	6284328	org.kanger.primitives.Hypothesis
ALLOC_CLASS_WEIGHT	5760704	[Ljava.lang.String;
ALLOC_CLASS_WEIGHT	5760360	org.kanger.factory.RuleFactory$1
ALLOC_CLASS_WEIGHT	4713240	sun.util.calendar.Gregorian$Date
ALLOC_CLASS_WEIGHT	3665872	org.kanger.storage.Escalera$WalkIterator
ALLOC_CLASS_WEIGHT	3142272	[C
ALLOC_CLASS_WEIGHT	3142160	java.util.concurrent.ConcurrentHashMap
ALLOC_CLASS_WEIGHT	3119952	org.kanger.units.Operation
ALLOC_CLASS_WEIGHT	2618448	org.kanger.storage.Escalera
ALLOC_CLASS_WEIGHT	2094800	java.util.regex.Pattern$BmpCharProperty
ALLOC_CLASS_WEIGHT	2094776	org.kanger.calculator.Functions$1$14
ALLOC_CLASS_WEIGHT	1704864	org.kanger.storage.Step
ALLOC_CLASS_WEIGHT	1571088	org.kanger.units.Term
ALLOC_CLASS_WEIGHT	1571080	java.text.DateFormatSymbols
ALLOC_CLASS_WEIGHT	1571016	org.kanger.units.CachedDomain
ALLOC_CLASS_WEIGHT	1511928	org.kanger.calculator.Functions$1$56
ALLOC_CLASS_WEIGHT	1047424	java.util.Calendar$Builder
ALLOC_CLASS_WEIGHT	1047392	org.kanger.factory.RuleFactory$DomainKey
ALLOC_CLASS_WEIGHT	1047392	java.text.DigitList
ALLOC_CLASS_WEIGHT	1047376	java.text.FieldPosition
ALLOC_CLASS_WEIGHT	1047352	java.text.CalendarBuilder
ALLOC_CLASS_WEIGHT	523712	org.kanger.factory.CommentFactory$1
ALLOC_CLASS_WEIGHT	139208	java.util.stream.FindOps$FindSink$OfInt
ALLOC_SITE_WEIGHT	1092780080	[B @ org.kanger.units.Predicate.getName:136
ALLOC_SITE_WEIGHT	941296160	[Ljava.lang.Object; @ org.kanger.primitives.ArgumentsList.getTVariables:263
ALLOC_SITE_WEIGHT	791007352	java.util.ArrayList @ org.kanger.primitives.ArgumentsList.getTVariables:257
ALLOC_SITE_WEIGHT	751084224	java.lang.ref.WeakReference @ org.kanger.units.TVariable.setMind:324
ALLOC_SITE_WEIGHT	581274776	java.util.TreeMap$KeyIterator @ org.kanger.primitives.TVariableSet.hashCode:59
ALLOC_SITE_WEIGHT	485986072	java.lang.String @ org.kanger.units.Predicate.getName:136
ALLOC_SITE_WEIGHT	460081680	java.util.TreeMap$KeyIterator @ org.kanger.primitives.TVariableSet.equals:68
ALLOC_SITE_WEIGHT	430026136	java.lang.StringBuilder @ org.kanger.units.Predicate.getName:136
ALLOC_SITE_WEIGHT	426803808	java.util.ArrayList$Itr @ org.kanger.units.TSolve.equalsTo:170
ALLOC_SITE_WEIGHT	424540800	[Ljava.lang.Object; @ org.kanger.primitives.ArgumentsList.getStamp:358
ALLOC_SITE_WEIGHT	421553928	java.lang.Integer @ org.kanger.storage.Escalera.findCandidates:433
ALLOC_SITE_WEIGHT	339344040	[B @ org.kanger.units.Predicate.toString:194
ALLOC_SITE_WEIGHT	323283072	java.util.HashMap$KeyIterator @ org.kanger.units.Domain.isUsed:356
ALLOC_SITE_WEIGHT	312111824	java.util.HashMap$Node @ org.kanger.Linker.linkDatabase:1055
ALLOC_SITE_WEIGHT	311730544	java.util.HashMap$Node @ org.kanger.Linker.linkDatabase:1058
ALLOC_SITE_WEIGHT	296929480	java.util.HashMap$KeyIterator @ org.kanger.units.Domain.isExcluded:376
ALLOC_SITE_WEIGHT	277346720	java.util.HashMap$KeyIterator @ org.kanger.storage.Escalera.findCandidates:435
ALLOC_SITE_WEIGHT	272218448	java.util.LinkedHashMap$Entry @ org.kanger.factory.TValueFactory.collectIds:262
ALLOC_SITE_WEIGHT	264972680	[Ljava.util.HashMap$Node; @ org.kanger.Linker.linkDatabase:1055
ALLOC_SITE_WEIGHT	240555880	java.util.HashMap @ org.kanger.Linker.linkDatabase:1015
ALLOC_SITE_WEIGHT	235962808	java.util.Collections$SingletonList @ org.kanger.storage.Escalera.findCandidates:435
ALLOC_SITE_WEIGHT	230933608	java.util.TreeMap$AscendingSubMap @ org.kanger.Linker$4.run:650
ALLOC_SITE_WEIGHT	212575912	java.util.HashMap @ org.kanger.Linker.linkDatabase:1016
ALLOC_SITE_WEIGHT	197430744	java.lang.Long @ org.kanger.factory.RuleFactory.containsPromotion:680
ALLOC_SITE_WEIGHT	187351704	[Ljava.lang.Object; @ org.kanger.stores.LogStore.add:113
ALLOC_SITE_WEIGHT	186928184	java.util.TreeMap$AscendingSubMap$AscendingEntrySetView @ org.kanger.Linker.isValidFor:695
ALLOC_SITE_WEIGHT	182047816	[Ljava.util.HashMap$Node; @ org.kanger.factory.TValueFactory.collectIds:262
ALLOC_SITE_WEIGHT	180661968	java.util.ArrayList @ org.kanger.Linker.linkDatabase:1006
ALLOC_SITE_WEIGHT	179619984	java.util.HashSet @ org.kanger.Linker.linkDatabase:1014
ALLOC_SITE_WEIGHT	173328544	java.util.TreeMap$KeyIterator @ org.kanger.Linker.linkDatabase:1007
ALLOC_SITE_WEIGHT	172260456	java.lang.String @ org.kanger.units.Predicate.toString:194
ALLOC_SITE_WEIGHT	170195544	java.util.TreeMap$KeySet @ org.kanger.Linker.isValidFor:704
ALLOC_SITE_WEIGHT	158130392	java.util.TreeMap$NavigableSubMap$SubMapKeyIterator @ org.kanger.Linker.isValidFor:704
ALLOC_SITE_WEIGHT	152711792	java.util.HashSet @ org.kanger.Linker.linkDatabase:1015
ALLOC_SITE_WEIGHT	149245224	java.util.LinkedHashMap$Entry @ org.kanger.factory.RuleFactory.collectTermIds:411
ALLOC_SITE_WEIGHT	149083952	java.util.LinkedHashMap$Entry @ org.kanger.factory.RuleCandidateIndex$IdIndex.get:237
ALLOC_SITE_WEIGHT	147331320	org.kanger.primitives.ArgumentsList @ org.kanger.primitives.ArgumentsList.convertBase:224
ALLOC_SITE_WEIGHT	145501152	java.util.TreeMap$Entry @ org.kanger.primitives.TVariableSet.<init>:52
ALLOC_SITE_WEIGHT	141379144	java.util.HashMap$KeyIterator @ org.kanger.Linker.linkDatabase:1063
ALLOC_SITE_WEIGHT	140861416	java.util.LinkedHashMap$LinkedKeySet @ org.kanger.factory.TValueFactory.collectIds:262
ALLOC_SITE_WEIGHT	140330544	java.lang.Long @ org.kanger.units.TSolve.equalsTo:171
ALLOC_SITE_WEIGHT	140208672	java.util.HashMap @ org.kanger.Linker.linkDatabase:1017
ALLOC_SITE_WEIGHT	138208576	java.util.HashMap$Node @ org.kanger.Linker.buildDomainIndex:363
ALLOC_SITE_WEIGHT	136149360	java.util.concurrent.CopyOnWriteArrayList$COWIterator @ org.kanger.Linker.linkDatabase:1021
ALLOC_SITE_WEIGHT	132998040	[Ljava.lang.Object; @ org.kanger.primitives.Hypothesis.<init>:78
ALLOC_SITE_WEIGHT	126705664	java.util.ArrayList @ org.kanger.Linker.linkDomains:895
ALLOC_SITE_WEIGHT	122528552	java.util.ArrayList @ org.kanger.Linker.selectDomainCandidates:399
ALLOC_SITE_WEIGHT	120936840	org.kanger.primitives.Argument @ org.kanger.primitives.ArgumentsList.convertBase:235
ALLOC_SITE_WEIGHT	115719272	java.util.LinkedHashMap$LinkedKeyIterator @ org.kanger.factory.RuleCandidateIndex.collectResolvedLocal:634
ALLOC_SITE_WEIGHT	109381552	java.util.HashMap @ org.kanger.Linker.linkDatabase:1014
ALLOC_SITE_WEIGHT	107880848	java.util.Collections$1 @ org.kanger.factory.RuleFactory.find:910
ALLOC_SITE_WEIGHT	104738936	java.util.ArrayList @ org.kanger.primitives.ArgumentsList.getFunctions:244
ALLOC_SITE_WEIGHT	95312616	java.util.HashMap @ org.kanger.units.Domain.getOverlaps:326
ALLOC_SITE_WEIGHT	93738728	java.util.TreeMap$Entry @ org.kanger.primitives.TVariableSet.<init>:46
ALLOC_SITE_WEIGHT	91644376	java.util.HashMap @ org.kanger.Linker.linkDatabase:1013
ALLOC_SITE_WEIGHT	88504744	java.util.HashMap @ org.kanger.Linker.linkDomains:736
ALLOC_SITE_WEIGHT	84212448	[Ljava.lang.Object; @ org.kanger.Linker.linkDatabase:1009
ALLOC_SITE_WEIGHT	83791272	[Ljava.util.HashMap$Node; @ org.kanger.Linker.linkDatabase:1058
ALLOC_SITE_WEIGHT	81171968	java.util.ArrayList$Itr @ org.kanger.Linker.isValidFor:701
ALLOC_SITE_WEIGHT	77478904	java.util.TreeSet @ org.kanger.Linker$4.run:650
ALLOC_SITE_WEIGHT	76941776	java.util.LinkedHashMap$LinkedKeyIterator @ org.kanger.Linker.isValidFor:696
ALLOC_SITE_WEIGHT	76388024	java.util.TreeMap$AscendingSubMap @ org.kanger.Linker$4.run:651
ALLOC_SITE_WEIGHT	75411936	org.kanger.storage.Escalera$Checkpoint @ org.kanger.storage.Escalera.mark:465
ALLOC_SITE_WEIGHT	74364568	java.util.HashSet @ org.kanger.Linker.linkDatabase:1013
ALLOC_SITE_WEIGHT	74040264	org.kanger.primitives.Cause @ org.kanger.Linker.markExcluded:939
ALLOC_SITE_WEIGHT	73838472	[Ljava.lang.Object; @ org.kanger.primitives.Solve.<init>:62
ALLOC_SITE_WEIGHT	71746224	java.util.HashSet @ org.kanger.Linker.linkDatabase:1017
ALLOC_SITE_WEIGHT	71723992	[Ljava.lang.Object; @ org.kanger.primitives.ArgumentsList.convertBase:235
ALLOC_SITE_WEIGHT	71127920	java.util.TreeMap$AscendingSubMap$AscendingEntrySetView @ org.kanger.Linker.rotateVariables:637
ALLOC_SITE_WEIGHT	70699312	java.util.HashMap$Node @ org.kanger.Linker.linkDatabase:1053
ALLOC_SITE_WEIGHT	69651208	java.util.HashMap$Node @ org.kanger.Linker.linkDatabase:1127
ALLOC_SITE_WEIGHT	65985632	java.util.ArrayList$Itr @ org.kanger.Linker.linkDomains:744
ALLOC_SITE_WEIGHT	64938376	java.util.ArrayList @ org.kanger.Linker.checkSystem:1304
ALLOC_SITE_WEIGHT	64290752	[Z @ org.kanger.Linker.rotateVariables:636
ALLOC_SITE_WEIGHT	63364496	java.util.ArrayList$Itr @ org.kanger.Linker.linkDatabase:1151
ALLOC_SITE_WEIGHT	63354048	[Ljava.lang.Object; @ org.kanger.units.TSolve.<init>:55
ALLOC_SITE_WEIGHT	63351104	[Ljava.lang.Object; @ org.kanger.units.TSolve.<init>:57
ALLOC_SITE_WEIGHT	59177768	java.util.ArrayList @ org.kanger.Linker.markExcluded:950
ALLOC_SITE_WEIGHT	57606640	[Ljava.util.HashMap$Node; @ org.kanger.factory.RuleCandidateIndex$IdIndex.get:237
ALLOC_SITE_WEIGHT	57053928	java.util.LinkedHashMap$Entry @ org.kanger.factory.RuleFactory.collectDomainIds:398
ALLOC_SITE_WEIGHT	55511976	[Ljava.util.HashMap$Node; @ org.kanger.Linker.linkDatabase:1053
ALLOC_SITE_WEIGHT	53417040	java.util.ArrayList$Itr @ org.kanger.Linker.linkDomains:741
ALLOC_SITE_WEIGHT	53416648	[Ljava.lang.Object; @ org.kanger.Linker.linkDomains:899
ALLOC_SITE_WEIGHT	51309456	[Ljava.lang.Object; @ org.kanger.SemanticEffectTelemetry.solveKey:215
ALLOC_SITE_WEIGHT	51190224	java.util.Collections$1 @ org.kanger.factory.TValueFactory.find:342
ALLOC_SITE_WEIGHT	51184360	java.util.LinkedHashMap @ org.kanger.factory.TValueFactory.collectIds:262
ALLOC_SITE_WEIGHT	50798584	java.util.LinkedHashMap$LinkedKeyIterator @ org.kanger.factory.RuleCandidateIndex.collectResolvedLocal:584
ALLOC_SITE_WEIGHT	48525328	java.util.HashSet @ org.kanger.Linker.linkDatabase:1016
ALLOC_SITE_WEIGHT	47684536	java.util.HashMap @ org.kanger.factory.FValueFactory.mark:284
ALLOC_SITE_WEIGHT	47655424	java.util.TreeSet @ org.kanger.Linker$4.run:651
ALLOC_SITE_WEIGHT	45910232	java.util.LinkedHashMap$LinkedKeyIterator @ org.kanger.factory.TValueFactory.collectIds:262
ALLOC_SITE_WEIGHT	45561952	[Ljava.util.HashMap$Node; @ org.kanger.units.Domain.getOverlaps:330
ALLOC_SITE_WEIGHT	45487176	[Lorg.kanger.units.TValue; @ org.kanger.Linker.linkDomains:750
ALLOC_SITE_WEIGHT	44485480	java.util.LinkedHashMap @ org.kanger.factory.RuleCandidateIndex$IdIndex.get:237
ALLOC_SITE_WEIGHT	43466832	java.util.HashMap$Node @ org.kanger.Linker.selectDomainCandidates:397
ALLOC_SITE_WEIGHT	43466736	java.lang.Long @ org.kanger.storage.Escalera.get:274
ALLOC_SITE_WEIGHT	42176888	[Ljava.lang.Object; @ org.kanger.Linker.buildDomainIndex:369
ALLOC_SITE_WEIGHT	41895848	java.util.LinkedHashMap$Entry @ org.kanger.factory.RuleCandidateIndex.collectResolvedLocal:636
ALLOC_SITE_WEIGHT	38229976	[Ljava.lang.Long; @ org.kanger.factory.RuleCandidateIndex.collectResolvedLocal:541
ALLOC_SITE_WEIGHT	38229960	org.kanger.factory.RuleCandidateIndex$SignatureKey @ org.kanger.factory.RuleCandidateIndex.signature:650
ALLOC_SITE_WEIGHT	37706136	java.text.ParseException @ org.kanger.enums.Tools.parseDate:145
ALLOC_SITE_WEIGHT	37182224	java.util.TreeSet @ org.kanger.primitives.TVariableSet.<init>:42
ALLOC_SITE_WEIGHT	35087592	java.util.TreeMap$KeySet @ org.kanger.primitives.TVariableSet.hashCode:59
ALLOC_SITE_WEIGHT	34040032	java.util.LinkedHashMap$LinkedKeyIterator @ org.kanger.factory.RuleCandidateIndex$IdIndex.get:237
ALLOC_SITE_WEIGHT	34039368	org.kanger.primitives.Solve @ org.kanger.primitives.Cause.<init>:59
ALLOC_SITE_WEIGHT	32969728	[Ljava.lang.Object; @ org.kanger.factory.FValueFactory.release:302
ALLOC_SITE_WEIGHT	32469408	java.util.LinkedHashMap$LinkedKeyIterator @ org.kanger.factory.RuleCandidateIndex.collectResolvedLocal:636
ALLOC_SITE_WEIGHT	32469224	java.util.HashMap$KeyIterator @ org.kanger.Linker.linkDatabase:1147
ALLOC_SITE_WEIGHT	31945472	[Ljava.util.HashMap$Node; @ org.kanger.factory.RuleCandidateIndex.collectResolvedLocal:636
ALLOC_SITE_WEIGHT	31421512	java.util.ArrayList @ org.kanger.factory.TValueFactory.mark:401
ALLOC_SITE_WEIGHT	30374408	java.util.ArrayList @ org.kanger.units.TSolve.<init>:48
ALLOC_SITE_WEIGHT	29850712	org.kanger.primitives.ArgumentsList @ org.kanger.primitives.Solve.<init>:52
ALLOC_SITE_WEIGHT	29162248	org.kanger.Linker$DomainKey @ org.kanger.Linker.buildDomainIndex:362
ALLOC_SITE_WEIGHT	29089208	java.util.TreeMap @ org.kanger.primitives.TVariableSet.<init>:42
ALLOC_SITE_WEIGHT	28803616	[Ljava.util.HashMap$Node; @ org.kanger.Linker.linkDatabase:1033
ALLOC_SITE_WEIGHT	27709336	java.util.ArrayList @ org.kanger.units.TSolve.<init>:46
ALLOC_SITE_WEIGHT	26753984	java.util.HashMap @ org.kanger.Mind.unlinkCVar:1113
ALLOC_SITE_WEIGHT	26708464	java.util.HashMap$KeySet @ org.kanger.Linker.linkDatabase:1147
ALLOC_SITE_WEIGHT	26708272	java.util.HashMap$Node @ org.kanger.Linker.linkDatabase:1033
ALLOC_SITE_WEIGHT	26184912	java.util.ArrayList$Itr @ org.kanger.Linker.rotator:587
ALLOC_SITE_WEIGHT	25660952	java.util.LinkedHashSet @ org.kanger.factory.RuleCandidateIndex$IdIndex.get:237
ALLOC_SITE_WEIGHT	25657976	java.util.ArrayList @ org.kanger.SemanticEffectTelemetry.solveKey:209
ALLOC_SITE_WEIGHT	24613048	[Lorg.kanger.units.TValue; @ org.kanger.Linker.linkDomains:751
ALLOC_SITE_WEIGHT	24090064	[Ljava.lang.Object; @ org.kanger.Linker.markExcluded:952
ALLOC_SITE_WEIGHT	24090024	java.util.ArrayList$Itr @ org.kanger.Mind.findTSolve:1786
ALLOC_SITE_WEIGHT	23566392	[Ljava.lang.Object; @ org.kanger.Linker.markExcluded:924
ALLOC_SITE_WEIGHT	23566232	java.util.LinkedHashMap @ org.kanger.factory.RuleFactory.findByResolvedDomain:499
ALLOC_SITE_WEIGHT	22519232	java.lang.Long @ org.kanger.units.TSolve.<init>:57
ALLOC_SITE_WEIGHT	22518896	java.util.concurrent.CopyOnWriteArrayList$COWIterator @ org.kanger.factory.FValueFactory.mark:284
ALLOC_SITE_WEIGHT	22518864	[Ljava.lang.Object; @ org.kanger.factory.FValueFactory.release:301
ALLOC_SITE_WEIGHT	22518744	org.kanger.Linker$4 @ org.kanger.Linker.rotateVariables:645
ALLOC_SITE_WEIGHT	21995408	[Ljava.util.HashMap$Node; @ org.kanger.Linker.buildDomainIndex:363
ALLOC_SITE_WEIGHT	21471288	[Ljava.util.HashMap$Node; @ org.kanger.factory.RuleFactory.collectDomainIds:398
ALLOC_SITE_WEIGHT	20424128	[Ljava.lang.Object; @ org.kanger.Linker.selectDomainCandidates:402
ALLOC_SITE_WEIGHT	20257872	java.util.HashMap$KeySet @ org.kanger.Linker.linkDatabase:1063
ALLOC_SITE_WEIGHT	19900448	[B @ org.kanger.calculator.Calculator.execute:168
ALLOC_SITE_WEIGHT	19376720	org.kanger.Linker$3 @ org.kanger.Linker.rotator:598
ALLOC_SITE_WEIGHT	18853048	java.util.HashMap$Node @ org.kanger.Linker.markExcluded:950
ALLOC_SITE_WEIGHT	18329336	java.util.LinkedHashMap @ org.kanger.factory.TValueFactory.forEach:482
ALLOC_SITE_WEIGHT	17805744	java.util.HashMap$Node @ org.kanger.units.CachedDomain.getCauses:133
ALLOC_SITE_WEIGHT	17805672	java.lang.Long @ org.kanger.Linker.getSolveCandidates:314
ALLOC_SITE_WEIGHT	17805656	[Ljava.util.HashMap$Node; @ org.kanger.Linker.markExcluded:950
ALLOC_SITE_WEIGHT	17805576	org.kanger.Linker$DeferredSolveCandidate @ org.kanger.Linker.markExcluded:952
ALLOC_SITE_WEIGHT	17803544	[Ljava.util.HashMap$Node; @ org.kanger.storage.Escalera.indexStep:199
ALLOC_SITE_WEIGHT	17281920	java.util.LinkedHashMap$LinkedKeySet @ org.kanger.factory.TValueFactory.forEach:484
ALLOC_SITE_WEIGHT	17281848	java.util.LinkedHashSet @ org.kanger.factory.TValueFactory.forEach:482
ALLOC_SITE_WEIGHT	17261496	java.util.HashMap$Node @ org.kanger.storage.Escalera.findCandidates:437
ALLOC_SITE_WEIGHT	16234400	java.util.HashMap$Node @ org.kanger.units.Domain.setCauses:233
ALLOC_SITE_WEIGHT	15711016	java.util.LinkedHashMap$LinkedKeySet @ org.kanger.factory.RuleCandidateIndex.collectResolvedLocal:584
ALLOC_SITE_WEIGHT	15710824	org.kanger.factory.RuleCandidateIndex$BatchKey @ org.kanger.factory.RuleCandidateIndex.collectResolvedLocal:552
ALLOC_SITE_WEIGHT	15579152	org.kanger.units.TSolve @ org.kanger.Mind.addTSolve:1801
ALLOC_SITE_WEIGHT	15187264	java.util.HashMap @ org.kanger.Linker.buildDomainIndex:359
ALLOC_SITE_WEIGHT	15187096	java.util.TreeMap @ org.kanger.Linker.rotator:584
ALLOC_SITE_WEIGHT	14663600	java.util.HashMap$Node @ org.kanger.units.Domain.getOverlaps:330
ALLOC_SITE_WEIGHT	14139896	java.util.LinkedHashMap$LinkedKeyIterator @ org.kanger.factory.TValueFactory.forEach:484
ALLOC_SITE_WEIGHT	14139768	java.util.HashSet @ org.kanger.factory.FValueFactory.mark:284
ALLOC_SITE_WEIGHT	13616144	[Ljava.util.HashMap$Node; @ org.kanger.Linker.selectDomainCandidates:397
ALLOC_SITE_WEIGHT	13616128	java.lang.Long @ org.kanger.Linker.selectDomainCandidates:401
ALLOC_SITE_WEIGHT	13616040	java.util.LinkedHashMap$LinkedKeySet @ org.kanger.factory.RuleFactory.findByDomain:445
ALLOC_SITE_WEIGHT	13479160	java.util.HashMap$Node @ org.kanger.Linker.addOppositeNatives:421
ALLOC_SITE_WEIGHT	13092488	[Ljava.lang.Object; @ org.kanger.Linker.checkSystem:1334
ALLOC_SITE_WEIGHT	12898896	[J @ org.kanger.enums.Tools.parseDate:145
ALLOC_SITE_WEIGHT	12568824	[I @ org.kanger.enums.Tools.parseDate:145
ALLOC_SITE_WEIGHT	12045232	[Ljava.util.HashMap$Node; @ org.kanger.factory.RuleFactory.collectTermIds:411
ALLOC_SITE_WEIGHT	11991008	[I @ org.kanger.enums.Tools.parseDate:124
ALLOC_SITE_WEIGHT	11521352	java.util.HashMap$Node @ org.kanger.Linker.updateDatabase:1225
ALLOC_SITE_WEIGHT	11521280	java.util.LinkedHashMap$LinkedKeyIterator @ org.kanger.factory.RuleFactory.findByResolvedDomain:502
ALLOC_SITE_WEIGHT	10997680	java.util.HashMap$Node @ org.kanger.primitives.Solve.getTerms:262
ALLOC_SITE_WEIGHT	10997656	java.util.HashMap @ org.kanger.storage.Escalera.findCandidates:437
ALLOC_SITE_WEIGHT	10997648	java.lang.Long @ org.kanger.factory.RuleCandidateIndex.computeBatchSummary:522
ALLOC_SITE_WEIGHT	10997600	[Ljava.lang.Object; @ org.kanger.Linker.checkSystem:1337
ALLOC_SITE_WEIGHT	10997568	java.lang.Long @ org.kanger.SemanticEffectTelemetry.solveKey:215
ALLOC_SITE_WEIGHT	10997432	java.util.ArrayList @ org.kanger.factory.RuleFactory.findByResolvedDomain:501
ALLOC_SITE_WEIGHT	10879744	java.util.HashMap$Node @ org.kanger.storage.Escalera.indexStep:197
ALLOC_SITE_WEIGHT	10874448	java.util.LinkedHashMap$LinkedKeySet @ org.kanger.factory.RuleFactory.findByResolvedDomain:502
ALLOC_SITE_WEIGHT	10473904	java.util.HashMap @ org.kanger.Linker.selectDomainCandidates:395
ALLOC_SITE_WEIGHT	10473848	[Z @ org.kanger.enums.Tools.parseDate:133
ALLOC_SITE_WEIGHT	9950216	java.util.ArrayList @ org.kanger.factory.RuleFactory.findByDomain:444
ALLOC_SITE_WEIGHT	9950104	[Ljava.lang.Object; @ org.kanger.enums.Tools.parseDate:133
ALLOC_SITE_WEIGHT	9426544	java.util.LinkedHashSet @ org.kanger.factory.RuleFactory.findByResolvedDomain:499
ALLOC_SITE_WEIGHT	8904704	[Ljava.lang.Object; @ org.kanger.Linker.indexSolve:219
ALLOC_SITE_WEIGHT	8902640	java.util.LinkedHashMap @ org.kanger.factory.RuleFactory.collectDomainIds:398
ALLOC_SITE_WEIGHT	8621776	java.util.HashMap$Node @ org.kanger.storage.Escalera.indexStep:199
ALLOC_SITE_WEIGHT	8569080	java.util.LinkedHashMap$Entry @ org.kanger.factory.TValueFactory.indexLocked:198
ALLOC_SITE_WEIGHT	8379272	[B @ org.kanger.enums.Tools.parseDate:124
ALLOC_SITE_WEIGHT	7855536	java.util.HashMap @ org.kanger.GeneratedCVarMaterializer.alphaEquivalent:133
ALLOC_SITE_WEIGHT	7855368	[Ljava.util.HashMap$Node; @ org.kanger.Linker.linkDatabase:1047
ALLOC_SITE_WEIGHT	7855104	[J @ org.kanger.enums.Tools.parseDate:141
ALLOC_SITE_WEIGHT	7581424	java.util.HashMap$Node @ org.kanger.storage.Escalera.ensureIndex:234
ALLOC_SITE_WEIGHT	7331840	java.util.HashMap$EntrySet @ org.kanger.Linker.linkDomains:892
ALLOC_SITE_WEIGHT	7331816	[Ljava.util.HashMap$Node; @ org.kanger.storage.Escalera.findCandidates:437
ALLOC_SITE_WEIGHT	7331784	[Ljava.util.HashMap$Node; @ org.kanger.units.CachedDomain.getCauses:133
ALLOC_SITE_WEIGHT	7331752	java.util.HashMap$Node @ org.kanger.units.CachedDomain.getCauses:90
ALLOC_SITE_WEIGHT	6808104	java.lang.StringBuilder @ org.kanger.enums.Tools.parseDate:124
ALLOC_SITE_WEIGHT	6808072	org.kanger.primitives.ArgumentsList @ org.kanger.primitives.Hypothesis.<init>:58
ALLOC_SITE_WEIGHT	6808032	java.lang.Long @ org.kanger.units.Domain.getOverlaps:330
ALLOC_SITE_WEIGHT	6808024	java.util.LinkedHashMap$LinkedKeySet @ org.kanger.factory.RuleCandidateIndex.collectLocal:462
ALLOC_SITE_WEIGHT	6808008	[Ljava.lang.Object; @ org.kanger.Mind.<init>:140
ALLOC_SITE_WEIGHT	6790880	[B @ org.kanger.enums.Tools.parseDate:132
ALLOC_SITE_WEIGHT	6284480	java.util.HashMap @ org.kanger.units.Domain.setCauses:227
ALLOC_SITE_WEIGHT	6284328	org.kanger.primitives.Hypothesis @ org.kanger.Linker.linkDatabase:1160
ALLOC_SITE_WEIGHT	6284320	[Ljava.util.HashMap$Node; @ org.kanger.units.Domain.setUsed:367
ALLOC_SITE_WEIGHT	6271400	java.util.LinkedHashMap$Entry @ org.kanger.factory.RuleCandidateIndex.collectLocal:464
ALLOC_SITE_WEIGHT	5778400	[Ljava.lang.Object; @ org.kanger.factory.FValueFactory.transaction:168
ALLOC_SITE_WEIGHT	5762400	org.kanger.primitives.TVariableSet @ org.kanger.Linker.indexSolve:223
ALLOC_SITE_WEIGHT	5760864	[B @ org.kanger.enums.Tools.parseDate:144
ALLOC_SITE_WEIGHT	5760848	[J @ org.kanger.enums.Tools.parseDate:133
ALLOC_SITE_WEIGHT	5760712	[S @ org.kanger.enums.Tools.parseDate:129
ALLOC_SITE_WEIGHT	5760704	[Ljava.lang.String; @ org.kanger.enums.Tools.parseDate:124
ALLOC_SITE_WEIGHT	5760656	java.util.HashMap$Node @ org.kanger.units.CachedDomain.getCauses:80
ALLOC_SITE_WEIGHT	5760632	[J @ org.kanger.units.CachedDomain.guardedWeights:191
ALLOC_SITE_WEIGHT	5760360	org.kanger.factory.RuleFactory$1 @ org.kanger.factory.RuleFactory.iterator:952
ALLOC_SITE_WEIGHT	5745672	[Ljava.util.HashMap$Node; @ org.kanger.units.Domain.setUsed:370
ALLOC_SITE_WEIGHT	5739808	java.text.ParsePosition @ org.kanger.enums.Tools.parseDate:141
ALLOC_SITE_WEIGHT	5236968	java.text.ParsePosition @ org.kanger.enums.Tools.parseDate:129
ALLOC_SITE_WEIGHT	5236936	java.util.TreeMap$KeyIterator @ org.kanger.Linker.updateDatabase:1229
ALLOC_SITE_WEIGHT	5236904	java.util.HashSet @ org.kanger.storage.Escalera.indexStep:196
ALLOC_SITE_WEIGHT	5236792	[J @ org.kanger.enums.Tools.parseDate:137
ALLOC_SITE_WEIGHT	5236768	[Ljava.lang.Object; @ org.kanger.factory.RuleFactory.findByDomain:448
ALLOC_SITE_WEIGHT	4713304	java.util.HashMap$Node @ org.kanger.units.CachedDomain.getCauses:152
ALLOC_SITE_WEIGHT	4713304	java.util.LinkedHashMap @ org.kanger.factory.RuleFactory.findByDomain:442
ALLOC_SITE_WEIGHT	4713288	java.lang.StringBuilder @ org.kanger.calculator.Calculator.execute:168
ALLOC_SITE_WEIGHT	4713248	java.util.HashMap$KeyIterator @ org.kanger.units.Domain.setCauses:231
ALLOC_SITE_WEIGHT	4713152	java.util.HashMap$KeySet @ org.kanger.units.Domain.isUsed:356
ALLOC_SITE_WEIGHT	4712296	java.lang.String @ org.kanger.calculator.Calculator.execute:168
ALLOC_SITE_WEIGHT	4698520	java.util.HashMap$Node @ org.kanger.storage.Escalera.indexStep:191
ALLOC_SITE_WEIGHT	4669424	java.util.HashMap @ org.kanger.storage.Escalera.indexStep:196
ALLOC_SITE_WEIGHT	4189704	java.util.ArrayList @ org.kanger.Linker.checkSystem:1332
ALLOC_SITE_WEIGHT	4189664	[S @ org.kanger.enums.Tools.parseDate:141
ALLOC_SITE_WEIGHT	4189608	java.util.HashMap$Node @ org.kanger.units.Domain.setCauses:227
ALLOC_SITE_WEIGHT	4189608	java.util.HashMap$KeyIterator @ org.kanger.storage.Escalera.findCandidates:437
ALLOC_SITE_WEIGHT	4189576	java.util.HashMap$KeySet @ org.kanger.factory.RuleFactory.find:910
ALLOC_SITE_WEIGHT	4189568	java.util.HashMap @ org.kanger.GeneratedCVarMaterializer.alphaEquivalent:134
ALLOC_SITE_WEIGHT	4189544	java.util.ArrayList$Itr @ org.kanger.Linker.linkDatabase:1068
ALLOC_SITE_WEIGHT	4189512	java.util.HashSet @ org.kanger.units.CachedDomain.getCauses:84
ALLOC_SITE_WEIGHT	4189472	java.util.HashMap$Node @ org.kanger.Linker.buildDomainIndex:367
ALLOC_SITE_WEIGHT	4180440	[Ljava.lang.Object; @ org.kanger.enums.Tools.parseDate:129
ALLOC_SITE_WEIGHT	4177440	java.util.LinkedHashSet @ org.kanger.factory.TValueFactory.indexLocked:195
ALLOC_SITE_WEIGHT	3666112	[J @ org.kanger.units.CachedDomain.guardedWeights:186
ALLOC_SITE_WEIGHT	3666072	org.kanger.Linker$DomainKey @ org.kanger.Linker.addOppositeNatives:414
ALLOC_SITE_WEIGHT	3666040	java.util.HashMap$Node @ org.kanger.primitives.Solve.getTerms:264
ALLOC_SITE_WEIGHT	3665960	java.util.HashMap$KeySet @ org.kanger.storage.Escalera.findCandidates:435
ALLOC_SITE_WEIGHT	3665920	java.util.TreeSet @ org.kanger.units.Domain.setSolves:252
ALLOC_SITE_WEIGHT	3665920	[Ljava.lang.Object; @ org.kanger.factory.RuleFactory.findByResolvedDomain:505
ALLOC_SITE_WEIGHT	3665888	java.lang.Long @ org.kanger.factory.RuleFactory.indexRuleLocked:308
ALLOC_SITE_WEIGHT	3665872	org.kanger.storage.Escalera$WalkIterator @ org.kanger.storage.Escalera.iterator:531
ALLOC_SITE_WEIGHT	3665872	java.lang.Long @ org.kanger.factory.RuleFactory.indexRuleLocked:287
ALLOC_SITE_WEIGHT	3665848	java.util.HashMap$KeyIterator @ org.kanger.primitives.Solve.getTerms:264
ALLOC_SITE_WEIGHT	3665816	java.util.TreeMap$KeySet @ org.kanger.Linker.linkDatabase:1007
ALLOC_SITE_WEIGHT	3662704	[Ljava.lang.Object; @ org.kanger.Linker.indexSolve:247
ALLOC_SITE_WEIGHT	3163320	[Ljava.lang.Object; @ org.kanger.stores.LogStore.commit:63
ALLOC_SITE_WEIGHT	3142352	java.text.ParsePosition @ org.kanger.enums.Tools.parseDate:133
ALLOC_SITE_WEIGHT	3142256	java.lang.Long @ org.kanger.GeneratedCVarMaterializer.alphaEquivalent:158
ALLOC_SITE_WEIGHT	3142216	[Ljava.util.HashMap$Node; @ org.kanger.factory.DictionaryFactory.collectDynamicRuleTerms:323
ALLOC_SITE_WEIGHT	3142208	sun.util.calendar.Gregorian$Date @ org.kanger.enums.Tools.parseDate:124
ALLOC_SITE_WEIGHT	3142208	java.util.ArrayList$Itr @ org.kanger.Linker.linkDatabase:1121
ALLOC_SITE_WEIGHT	3142208	java.util.LinkedHashSet @ org.kanger.PortableMindLayer.<init>:44
ALLOC_SITE_WEIGHT	3142184	java.util.HashMap$Node @ org.kanger.units.Domain.setExcluded:394
ALLOC_SITE_WEIGHT	3142160	java.util.concurrent.ConcurrentHashMap @ org.kanger.factory.LibraryFactory.<init>:177
ALLOC_SITE_WEIGHT	2711648	java.lang.Long @ org.kanger.storage.Escalera.deleteOne:306
ALLOC_SITE_WEIGHT	2619408	java.lang.Integer @ org.kanger.storage.Escalera.indexStep:194
ALLOC_SITE_WEIGHT	2618552	java.lang.Long @ org.kanger.factory.RuleCandidateIndex$IdIndex.addInternal:213
ALLOC_SITE_WEIGHT	2618528	java.lang.Long @ org.kanger.storage.Escalera.indexStep:191
ALLOC_SITE_WEIGHT	2618512	java.util.ArrayList @ org.kanger.factory.RuleCandidateIndex.batchGeneratedNonSubstitutablePair:486
ALLOC_SITE_WEIGHT	2618496	java.util.HashMap$KeyIterator @ org.kanger.units.Rule.containsTerm:760
ALLOC_SITE_WEIGHT	2618472	java.util.ArrayList @ org.kanger.units.Domain.setProduced:411
ALLOC_SITE_WEIGHT	2618472	[Z @ org.kanger.enums.Tools.parseDate:129
ALLOC_SITE_WEIGHT	2618456	java.lang.Long @ org.kanger.factory.RuleCandidateIndex.resolvedTermId:640
ALLOC_SITE_WEIGHT	2618448	org.kanger.storage.Escalera @ org.kanger.factory.TValueFactory.transaction:175
ALLOC_SITE_WEIGHT	2618440	java.util.HashMap$Node @ org.kanger.Linker.indexSolve:245
ALLOC_SITE_WEIGHT	2618296	[Ljava.lang.Object; @ org.kanger.Linker.link:538
ALLOC_SITE_WEIGHT	2515160	[I @ org.kanger.enums.Tools.parseDate:129
ALLOC_SITE_WEIGHT	2095064	[Ljava.util.HashMap$Node; @ org.kanger.storage.Escalera.indexStep:191
ALLOC_SITE_WEIGHT	2094872	[Ljava.util.HashMap$Node; @ org.kanger.storage.Escalera.indexStep:197
ALLOC_SITE_WEIGHT	2094840	[Ljava.util.HashMap$Node; @ org.kanger.GeneratedCVarMaterializer.alphaEquivalent:162
ALLOC_SITE_WEIGHT	2094832	org.kanger.units.Operation @ org.kanger.calculator.Functions$1.<init>:858
ALLOC_SITE_WEIGHT	2094824	java.util.HashMap$KeyIterator @ org.kanger.units.CachedDomain.getCauses:101
ALLOC_SITE_WEIGHT	2094824	[I @ org.kanger.enums.Tools.parseDate:133
ALLOC_SITE_WEIGHT	2094816	[Ljava.lang.Object; @ org.kanger.Linker.updateDatabase:1229
ALLOC_SITE_WEIGHT	2094816	java.lang.Long @ org.kanger.storage.Escalera.indexStep:192
ALLOC_SITE_WEIGHT	2094816	[C @ org.kanger.enums.Tools.parseDate:136
ALLOC_SITE_WEIGHT	2094808	[Ljava.lang.Object; @ org.kanger.units.Domain.setProduced:415
ALLOC_SITE_WEIGHT	2094808	java.util.LinkedHashMap$LinkedKeyIterator @ org.kanger.factory.RuleFactory.findByDomain:445
ALLOC_SITE_WEIGHT	2094800	java.util.HashMap @ org.kanger.primitives.Solve.getTerms:260
ALLOC_SITE_WEIGHT	2094800	java.util.HashMap$Node @ org.kanger.factory.DictionaryFactory.collectDynamicRuleTerms:323
ALLOC_SITE_WEIGHT	2094800	java.lang.Long @ org.kanger.User.nextId:248
ALLOC_SITE_WEIGHT	2094800	java.util.regex.Pattern$BmpCharProperty @ org.kanger.enums.Tools.parseDate:124
ALLOC_SITE_WEIGHT	2094792	java.util.HashMap$Node @ org.kanger.units.Rule.setUsed:203
ALLOC_SITE_WEIGHT	2094792	java.util.HashMap @ org.kanger.Mind.<init>:127
ALLOC_SITE_WEIGHT	2094792	java.lang.Long @ org.kanger.Linker.selectDomainCandidates:397
ALLOC_SITE_WEIGHT	2094776	org.kanger.calculator.Functions$1$14 @ org.kanger.calculator.Functions$1.<init>:491
ALLOC_SITE_WEIGHT	2094768	java.lang.Long @ org.kanger.storage.Escalera.add:266
ALLOC_SITE_WEIGHT	2094768	java.util.HashMap$Node @ org.kanger.factory.RuleFactory.indexRuleLocked:306
ALLOC_SITE_WEIGHT	2094768	java.util.LinkedHashMap$Entry @ org.kanger.factory.RuleFactory.indexRuleLocked:308
ALLOC_SITE_WEIGHT	2094768	java.util.HashMap$KeySet @ org.kanger.primitives.Solve.getTerms:264
ALLOC_SITE_WEIGHT	2094760	java.util.HashMap$KeyIterator @ org.kanger.units.CachedDomain.guardedWeights:189
ALLOC_SITE_WEIGHT	2094744	java.util.HashMap @ org.kanger.factory.RuleCandidateIndex$IdIndex.<init>:203
ALLOC_SITE_WEIGHT	2094720	[B @ org.kanger.primitives.Solve.toString:157
ALLOC_SITE_WEIGHT	2094640	java.lang.Long @ org.kanger.factory.DictionaryFactory.pack:411
ALLOC_SITE_WEIGHT	2094312	java.util.HashMap @ org.kanger.primitives.ArgumentsList.getTerms:327
ALLOC_SITE_WEIGHT	2069912	java.util.ArrayList @ org.kanger.Linker.indexSolve:244
ALLOC_SITE_WEIGHT	1704864	org.kanger.storage.Step @ org.kanger.storage.Escalera.add:256
ALLOC_SITE_WEIGHT	1640800	java.lang.Long @ org.kanger.storage.Escalera.deleteOne:291
ALLOC_SITE_WEIGHT	1571152	java.util.TreeMap @ org.kanger.units.Domain.setSolves:252
ALLOC_SITE_WEIGHT	1571128	[B @ org.kanger.enums.Tools.parseDate:140
ALLOC_SITE_WEIGHT	1571120	java.lang.Long @ org.kanger.storage.Escalera.indexStep:199
ALLOC_SITE_WEIGHT	1571112	java.util.ArrayList @ org.kanger.units.Rule.<init>:77
ALLOC_SITE_WEIGHT	1571104	java.util.ArrayList$Itr @ org.kanger.enums.Tools.parseDate:124
ALLOC_SITE_WEIGHT	1571104	[Ljava.util.HashMap$Node; @ org.kanger.primitives.Solve.getTerms:262
ALLOC_SITE_WEIGHT	1571104	java.util.HashMap$Node @ org.kanger.Linker.markExcluded:943
ALLOC_SITE_WEIGHT	1571096	java.util.HashMap @ org.kanger.units.CachedDomain.getCauses:84
ALLOC_SITE_WEIGHT	1571096	java.util.ArrayList$Itr @ org.kanger.Linker.indexSolve:234
ALLOC_SITE_WEIGHT	1571088	org.kanger.units.Term @ org.kanger.factory.DictionaryFactory.find:228
ALLOC_SITE_WEIGHT	1571080	[B @ org.kanger.primitives.Solve.toString:159
ALLOC_SITE_WEIGHT	1571080	java.util.TreeMap$Entry @ org.kanger.Linker.rotator:587
ALLOC_SITE_WEIGHT	1571080	java.text.DateFormatSymbols @ org.kanger.enums.Tools.parseDate:124
ALLOC_SITE_WEIGHT	1571080	java.util.HashMap @ org.kanger.units.Domain.setUsed:367
ALLOC_SITE_WEIGHT	1571072	java.util.HashMap$KeyIterator @ org.kanger.factory.RuleFactory.find:910
ALLOC_SITE_WEIGHT	1571048	java.util.HashMap$Node @ org.kanger.primitives.ArgumentsList.getTerms:330
ALLOC_SITE_WEIGHT	1571032	java.util.HashMap$Node @ org.kanger.Linker.addOppositeNatives:416
ALLOC_SITE_WEIGHT	1571032	sun.util.calendar.Gregorian$Date @ org.kanger.stores.LogStore.commit:63
ALLOC_SITE_WEIGHT	1571024	java.lang.Long @ org.kanger.storage.Escalera.ensureIndex:234
ALLOC_SITE_WEIGHT	1571016	org.kanger.units.CachedDomain @ org.kanger.factory.DomainFactory.add:173
ALLOC_SITE_WEIGHT	1571000	[Ljava.util.HashMap$Node; @ org.kanger.units.CachedDomain.getCauses:80
ALLOC_SITE_WEIGHT	1562784	java.lang.Integer @ org.kanger.storage.Escalera.indexStep:197
ALLOC_SITE_WEIGHT	1511928	org.kanger.calculator.Functions$1$56 @ org.kanger.calculator.Functions$1.<init>:1766
ALLOC_SITE_WEIGHT	1299944	java.util.HashMap$Node @ org.kanger.factory.DictionaryFactory.pack:454
ALLOC_SITE_WEIGHT	1047896	[Ljava.lang.Object; @ org.kanger.Linker.link:545
ALLOC_SITE_WEIGHT	1047872	java.util.TreeMap @ org.kanger.units.CachedDomain.getCauses:100
ALLOC_SITE_WEIGHT	1047456	[C @ org.kanger.enums.Tools.parseDate:132
ALLOC_SITE_WEIGHT	1047440	java.util.HashMap$Node @ org.kanger.units.Domain.setUsed:370
ALLOC_SITE_WEIGHT	1047432	java.util.ArrayList @ org.kanger.units.Rule.<init>:69
ALLOC_SITE_WEIGHT	1047432	[I @ org.kanger.enums.Tools.parseDate:141
ALLOC_SITE_WEIGHT	1047424	java.lang.Long @ org.kanger.factory.DictionaryFactory.pack:448
ALLOC_SITE_WEIGHT	1047424	java.lang.Long @ org.kanger.factory.RuleFactory.indexRuleLocked:303
ALLOC_SITE_WEIGHT	1047424	java.util.Calendar$Builder @ org.kanger.enums.Tools.parseDate:124
ALLOC_SITE_WEIGHT	1047408	java.util.HashMap$KeyIterator @ org.kanger.units.CachedDomain.getCauses:152
ALLOC_SITE_WEIGHT	1047408	java.util.HashMap$Node @ org.kanger.units.Domain.setUsed:367
ALLOC_SITE_WEIGHT	1047408	java.util.ArrayList @ org.kanger.Linker.buildDomainIndex:366
ALLOC_SITE_WEIGHT	1047408	java.util.LinkedHashMap$LinkedKeySet @ org.kanger.factory.RuleFactory.collectDomainIds:398
ALLOC_SITE_WEIGHT	1047400	java.util.HashMap$Node @ org.kanger.Linker.linkDatabase:1125
ALLOC_SITE_WEIGHT	1047400	java.lang.String @ org.kanger.compiler.Token.getToken:33
ALLOC_SITE_WEIGHT	1047400	java.util.HashSet @ org.kanger.primitives.Solve.getTerms:260
ALLOC_SITE_WEIGHT	1047400	java.util.LinkedHashMap @ org.kanger.factory.RuleFactory.collectTermIds:411
ALLOC_SITE_WEIGHT	1047392	java.util.HashSet @ org.kanger.units.Domain.setUsed:367
ALLOC_SITE_WEIGHT	1047392	java.text.DigitList @ org.kanger.enums.Tools.parseDate:124
ALLOC_SITE_WEIGHT	1047392	java.util.LinkedHashSet @ org.kanger.factory.RuleFactory.findByDomain:442
ALLOC_SITE_WEIGHT	1047392	java.util.HashMap$Node @ org.kanger.GeneratedCVarMaterializer.alphaEquivalent:161
ALLOC_SITE_WEIGHT	1047392	org.kanger.factory.RuleFactory$DomainKey @ org.kanger.factory.RuleFactory.findByDomain:443
ALLOC_SITE_WEIGHT	1047392	java.util.LinkedHashMap$Entry @ org.kanger.factory.RuleCandidateIndex.collectLocal:468
ALLOC_SITE_WEIGHT	1047384	java.util.HashMap$KeyIterator @ org.kanger.units.CachedDomain.getCauses:136
ALLOC_SITE_WEIGHT	1047376	java.text.FieldPosition @ org.kanger.enums.Tools.parseDate:124
ALLOC_SITE_WEIGHT	1047376	java.lang.String @ org.kanger.enums.Tools.parseDate:141
ALLOC_SITE_WEIGHT	1047376	java.util.TreeMap$Entry @ org.kanger.units.Domain.setSolves:256
ALLOC_SITE_WEIGHT	1047376	java.util.HashMap$Node @ org.kanger.units.Domain.setSolves:252
ALLOC_SITE_WEIGHT	1047368	java.lang.String @ org.kanger.enums.Tools.parseDate:145
ALLOC_SITE_WEIGHT	1047368	java.util.LinkedHashMap$LinkedKeyIterator @ org.kanger.factory.RuleFactory.collectDomainIds:398
ALLOC_SITE_WEIGHT	1047360	java.util.LinkedHashMap$Entry @ org.kanger.factory.RuleCandidateIndex$IdIndex.addInternal:213
ALLOC_SITE_WEIGHT	1047360	[B @ org.kanger.primitives.Solve.toString:163
ALLOC_SITE_WEIGHT	1047360	org.kanger.primitives.TVariableSet @ org.kanger.Mind.addTSolve:1802
ALLOC_SITE_WEIGHT	1047352	java.text.CalendarBuilder @ org.kanger.enums.Tools.parseDate:145
ALLOC_SITE_WEIGHT	1047328	java.util.HashMap$Node @ org.kanger.GeneratedCVarMaterializer.alphaEquivalent:162
ALLOC_SITE_WEIGHT	1025120	org.kanger.units.Operation @ org.kanger.calculator.Functions$1.<init>:491
ALLOC_SITE_WEIGHT	583720	java.lang.Long @ org.kanger.storage.Escalera.indexedStep:243
ALLOC_SITE_WEIGHT	523904	[Ljava.lang.Object; @ org.kanger.units.CachedDomain.guardedWeights:184
ALLOC_SITE_WEIGHT	523784	[Ljava.util.HashMap$Node; @ org.kanger.units.Rule.setUsed:203
ALLOC_SITE_WEIGHT	523712	org.kanger.factory.CommentFactory$1 @ org.kanger.factory.CommentFactory.iterator:298
ALLOC_SITE_WEIGHT	523704	java.util.TreeSet @ org.kanger.Linker.rotator:584
ALLOC_SITE_WEIGHT	523688	java.util.LinkedHashMap$Entry @ org.kanger.factory.RuleCandidateIndex.computeBatchSummary:522
ALLOC_SITE_WEIGHT	523688	[Ljava.lang.Object; @ org.kanger.enums.Tools.parseDate:137
ALLOC_SITE_WEIGHT	523688	[B @ org.kanger.enums.Tools.parseDate:129
ALLOC_SITE_WEIGHT	523672	java.util.LinkedHashMap @ org.kanger.factory.TValueFactory.indexLocked:195
ALLOC_SITE_WEIGHT	523648	java.util.HashMap$KeyIterator @ org.kanger.units.CachedDomain.getCauses:90
ALLOC_SITE_WEIGHT	523640	java.util.HashMap @ org.kanger.units.Rule.<init>:64
ALLOC_SITE_WEIGHT	499448	java.util.HashSet @ org.kanger.Linker.markExcluded:941
ALLOC_SITE_WEIGHT	139208	java.util.stream.FindOps$FindSink$OfInt @ org.kanger.factory.DictionaryFactory.createCVar:261
ALLOC_SITE_WEIGHT	31544	java.util.LinkedHashSet @ org.kanger.factory.DictionaryFactory.<init>:133
